,0,1,2,3,4,5,6
0,"(2, 'pp', 'Tau')",,,,,,
1,"(2, 'po', 'pp')","(2, 'pp', 'pp')","(2, 'pp', 'Tau')",,,,
2,"(5, 'po', 'pp')","(0, 'pp', 'Tau')",,,,,
3,"(2, 'pp', 'Tau')",,,,,,
4,"(2, 'sib', 'Tau')",,,,,,
5,"(3, 'pp', 'sib')","(2, 'sib', 'Tau')",,,,,
6,"(2, 'po', 'po')","(2, 'po', 'po')","(2, 'po', 'Tau')",,,,
7,"(2, 'po', 'Tau')",,,,,,
8,"(2, 'va', 'Tau')",,,,,,
9,"(2, 'va', 'Tau')",,,,,,
10,"(2, 'sib', 'sib')","(2, 'sib', 'Tau')",,,,,
11,"(0, 'va', 'Tau')",,,,,,
12,"(2, 'sib', 'Tau')",,,,,,
13,"(2, 'po', 'Tau')",,,,,,
14,"(2, 'po', 'po')","(2, 'po', 'Tau')",,,,,
15,"(6, 'po', 'Tau')",,,,,,
16,"(2, 'pp', 'pp')","(2, 'pp', 'Tau')",,,,,
17,"(6, 'po', 'va')","(2, 'va', 'pp')","(5, 'pp', 'pp')","(2, 'pp', 'Tau')",,,
18,"(2, 'pp', 'va')","(2, 'va', 'Tau')",,,,,
19,"(2, 'po', 'pp')","(2, 'pp', 'po')","(3, 'po', 'Tau')",,,,
20,"(2, 'sib', 'Tau')",,,,,,
21,"(2, 'va', 'Tau')",,,,,,
22,"(2, 'po', 'Tau')",,,,,,
23,"(2, 'sib', 'pp')","(2, 'pp', 'pp')","(2, 'pp', 'va')","(2, 'va', 'Tau')",,,
24,"(1, 'sib', 'sib')","(2, 'sib', 'sib')","(2, 'sib', 'va')","(2, 'va', 'pp')","(2, 'pp', 'Tau')",,
25,"(6, 'sib', 'pp')","(5, 'pp', 'va')","(3, 'va', 'Tau')",,,,
26,"(2, 'va', 'Tau')",,,,,,
27,"(2, 'pp', 'Tau')",,,,,,
28,"(2, 'pp', 'Tau')",,,,,,
29,"(2, 'po', 'va')","(3, 'va', 'pp')","(2, 'pp', 'sib')","(4, 'sib', 'Tau')",,,
30,"(2, 'pp', 'Tau')",,,,,,
31,"(2, 'pp', 'Tau')",,,,,,
32,"(2, 'pp', 'Tau')",,,,,,
33,"(2, 'po', 'sib')","(2, 'sib', 'sib')","(3, 'sib', 'Tau')",,,,
34,"(2, 'pp', 'sib')","(2, 'sib', 'Tau')",,,,,
35,"(3, 'po', 'Tau')",,,,,,
36,"(2, 'sib', 'Tau')",,,,,,
37,"(2, 'sib', 'sib')","(1, 'sib', 'pp')","(2, 'pp', 'Tau')",,,,
38,"(2, 'sib', 'va')","(2, 'va', 'Tau')",,,,,
39,"(2, 'sib', 'Tau')",,,,,,
40,"(2, 'sib', 'sib')","(2, 'sib', 'pp')","(2, 'pp', 'Tau')",,,,
41,"(2, 'va', 'sib')","(2, 'sib', 'sib')","(0, 'sib', 'pp')","(2, 'pp', 'Tau')",,,
42,"(2, 'pp', 'sib')","(2, 'sib', 'sib')","(2, 'sib', 'pp')","(2, 'pp', 'pp')","(2, 'pp', 'pp')","(2, 'pp', 'Tau')",
43,"(2, 'sib', 'sib')","(2, 'sib', 'po')","(1, 'po', 'Tau')",,,,
44,"(2, 'sib', 'pp')","(2, 'pp', 'pp')","(2, 'pp', 'va')","(2, 'va', 'Tau')",,,
45,"(1, 'po', 'pp')","(2, 'pp', 'Tau')",,,,,
46,"(2, 'sib', 'Tau')",,,,,,
47,"(1, 'po', 'Tau')",,,,,,
48,"(2, 'sib', 'sib')","(2, 'sib', 'Tau')",,,,,
49,"(2, 'va', 'pp')","(2, 'pp', 'pp')","(5, 'pp', 'pp')","(2, 'pp', 'Tau')",,,
50,"(2, 'va', 'sib')","(2, 'sib', 'sib')","(2, 'sib', 'sib')","(2, 'sib', 'Tau')",,,
51,"(2, 'va', 'pp')","(2, 'pp', 'pp')","(2, 'pp', 'pp')","(2, 'pp', 'Tau')",,,
52,"(2, 'va', 'va')","(2, 'va', 'Tau')",,,,,
53,"(1, 'po', 'va')","(2, 'va', 'Tau')",,,,,
54,"(1, 'po', 'Tau')",,,,,,
55,"(2, 'pp', 'pp')","(2, 'pp', 'pp')","(1, 'pp', 'Tau')",,,,
56,"(2, 'sib', 'Tau')",,,,,,
57,"(6, 'pp', 'Tau')",,,,,,
58,"(1, 'po', 'pp')","(1, 'pp', 'pp')","(1, 'pp', 'Tau')",,,,
59,"(2, 'va', 'Tau')",,,,,,
60,"(2, 'sib', 'Tau')",,,,,,
61,"(1, 'po', 'Tau')",,,,,,
62,"(3, 'va', 'Tau')",,,,,,
63,"(2, 'sib', 'Tau')",,,,,,
64,"(2, 'sib', 'sib')","(2, 'sib', 'sib')","(2, 'sib', 'Tau')",,,,
65,"(1, 'po', 'pp')","(1, 'pp', 'Tau')",,,,,
66,"(2, 'sib', 'Tau')",,,,,,
67,"(4, 'sib', 'Tau')",,,,,,
68,"(0, 'va', 'Tau')",,,,,,
69,"(2, 'va', 'Tau')",,,,,,
70,"(2, 'sib', 'Tau')",,,,,,
71,"(2, 'va', 'Tau')",,,,,,
72,"(1, 'po', 'pp')","(1, 'pp', 'pp')","(1, 'pp', 'pp')","(1, 'pp', 'pp')","(1, 'pp', 'pp')","(1, 'pp', 'pp')","(1, 'pp', 'Tau')"
73,"(1, 'pp', 'Tau')",,,,,,
74,"(1, 'pp', 'Tau')",,,,,,
75,"(1, 'pp', 'Tau')",,,,,,
76,"(2, 'sib', 'Tau')",,,,,,
77,"(1, 'pp', 'pp')","(1, 'pp', 'Tau')",,,,,
78,"(5, 'va', 'Tau')",,,,,,
79,"(1, 'pp', 'Tau')",,,,,,
80,"(2, 'sib', 'sib')","(2, 'sib', 'Tau')",,,,,
81,"(1, 'po', 'Tau')",,,,,,
82,"(1, 'po', 'po')","(1, 'po', 'pp')","(1, 'pp', 'pp')","(4, 'pp', 'pp')","(1, 'pp', 'pp')","(1, 'pp', 'Tau')",
83,"(2, 'va', 'sib')","(3, 'sib', 'Tau')",,,,,
84,"(1, 'pp', 'pp')","(1, 'pp', 'Tau')",,,,,
85,"(1, 'po', 'Tau')",,,,,,
86,"(2, 'sib', 'Tau')",,,,,,
87,"(1, 'pp', 'Tau')",,,,,,
88,"(2, 'va', 'Tau')",,,,,,
89,"(1, 'pp', 'Tau')",,,,,,
90,"(2, 'va', 'Tau')",,,,,,
91,"(3, 'po', 'po')","(1, 'po', 'po')","(1, 'po', 'pp')","(1, 'pp', 'Tau')",,,
92,"(2, 'sib', 'Tau')",,,,,,
93,"(2, 'po', 'pp')","(1, 'pp', 'Tau')",,,,,
94,"(2, 'sib', 'Tau')",,,,,,
95,"(2, 'sib', 'Tau')",,,,,,
96,"(1, 'po', 'po')","(1, 'po', 'Tau')",,,,,
97,"(2, 'va', 'Tau')",,,,,,
98,"(2, 'sib', 'sib')","(2, 'sib', 'Tau')",,,,,
99,"(1, 'po', 'pp')","(1, 'pp', 'Tau')",,,,,
100,"(1, 'po', 'Tau')",,,,,,
101,"(2, 'sib', 'Tau')",,,,,,
102,"(2, 'sib', 'Tau')",,,,,,
103,"(1, 'pp', 'pp')","(3, 'pp', 'va')","(2, 'va', 'Tau')",,,,
104,"(1, 'po', 'po')","(1, 'po', 'po')","(1, 'po', 'Tau')",,,,
105,"(1, 'pp', 'pp')","(1, 'pp', 'Tau')",,,,,
106,"(1, 'po', 'sib')","(2, 'sib', 'Tau')",,,,,
107,"(2, 'va', 'po')","(1, 'po', 'Tau')",,,,,
108,"(1, 'po', 'pp')","(1, 'pp', 'pp')","(1, 'pp', 'Tau')",,,,
109,"(1, 'po', 'Tau')",,,,,,
110,"(2, 'va', 'Tau')",,,,,,
111,"(2, 'va', 'Tau')",,,,,,
112,"(1, 'pp', 'Tau')",,,,,,
113,"(1, 'po', 'Tau')",,,,,,
114,"(1, 'po', 'Tau')",,,,,,
115,"(2, 'sib', 'va')","(3, 'va', 'va')","(2, 'va', 'Tau')",,,,
116,"(1, 'pp', 'pp')","(1, 'pp', 'pp')","(1, 'pp', 'pp')","(1, 'pp', 'pp')","(1, 'pp', 'Tau')",,
117,"(2, 'va', 'Tau')",,,,,,
118,"(1, 'po', 'Tau')",,,,,,
119,"(1, 'po', 'Tau')",,,,,,
120,"(2, 'sib', 'sib')","(2, 'sib', 'va')","(2, 'va', 'pp')","(1, 'pp', 'Tau')",,,
121,"(2, 'sib', 'Tau')",,,,,,
122,"(1, 'pp', 'Tau')",,,,,,
123,"(1, 'pp', 'pp')","(1, 'pp', 'pp')","(1, 'pp', 'pp')","(1, 'pp', 'Tau')",,,
124,"(1, 'pp', 'pp')","(1, 'pp', 'Tau')",,,,,
125,"(2, 'sib', 'Tau')",,,,,,
126,"(1, 'pp', 'pp')","(1, 'pp', 'Tau')",,,,,
127,"(1, 'pp', 'Tau')",,,,,,
128,"(1, 'po', 'pp')","(1, 'pp', 'pp')","(6, 'pp', 'pp')","(1, 'pp', 'va')","(2, 'va', 'pp')","(1, 'pp', 'Tau')",
129,"(2, 'sib', 'Tau')",,,,,,
130,"(1, 'pp', 'Tau')",,,,,,
131,"(1, 'pp', 'Tau')",,,,,,
132,"(2, 'va', 'Tau')",,,,,,
133,"(1, 'po', 'va')","(2, 'va', 'Tau')",,,,,
134,"(1, 'pp', 'sib')","(2, 'sib', 'Tau')",,,,,
135,"(2, 'sib', 'Tau')",,,,,,
136,"(2, 'sib', 'Tau')",,,,,,
137,"(1, 'pp', 'pp')","(1, 'pp', 'pp')","(1, 'pp', 'va')","(2, 'va', 'pp')","(1, 'pp', 'pp')","(1, 'pp', 'Tau')",
138,"(1, 'pp', 'Tau')",,,,,,
139,"(1, 'pp', 'Tau')",,,,,,
140,"(5, 'sib', 'pp')","(1, 'pp', 'pp')","(1, 'pp', 'Tau')",,,,
141,"(2, 'sib', 'Tau')",,,,,,
142,"(1, 'po', 'va')","(2, 'va', 'Tau')",,,,,
143,"(2, 'va', 'Tau')",,,,,,
144,"(2, 'sib', 'Tau')",,,,,,
145,"(2, 'va', 'va')","(2, 'va', 'Tau')",,,,,
146,"(1, 'pp', 'Tau')",,,,,,
147,"(2, 'sib', 'Tau')",,,,,,
148,"(2, 'sib', 'sib')","(2, 'sib', 'sib')","(2, 'sib', 'Tau')",,,,
149,"(2, 'sib', 'va')","(2, 'va', 'Tau')",,,,,
150,"(1, 'pp', 'po')","(1, 'po', 'pp')","(1, 'pp', 'Tau')",,,,
151,"(2, 'va', 'po')","(1, 'po', 'po')","(1, 'po', 'Tau')",,,,
152,"(2, 'sib', 'Tau')",,,,,,
153,"(2, 'sib', 'Tau')",,,,,,
154,"(4, 'va', 'Tau')",,,,,,
155,"(1, 'pp', 'Tau')",,,,,,
156,"(1, 'po', 'Tau')",,,,,,
157,"(2, 'va', 'va')","(2, 'va', 'Tau')",,,,,
158,"(1, 'pp', 'pp')","(1, 'pp', 'Tau')",,,,,
159,"(2, 'sib', 'sib')","(2, 'sib', 'Tau')",,,,,
160,"(1, 'po', 'po')","(1, 'po', 'Tau')",,,,,
161,"(1, 'po', 'Tau')",,,,,,
162,"(5, 'po', 'pp')","(1, 'pp', 'Tau')",,,,,
163,"(1, 'pp', 'Tau')",,,,,,
164,"(2, 'sib', 'sib')","(2, 'sib', 'Tau')",,,,,
165,"(2, 'va', 'Tau')",,,,,,
166,"(2, 'va', 'sib')","(2, 'sib', 'va')","(2, 'va', 'pp')","(1, 'pp', 'Tau')",,,
167,"(2, 'sib', 'sib')","(2, 'sib', 'Tau')",,,,,
168,"(2, 'sib', 'Tau')",,,,,,
169,"(2, 'sib', 'sib')","(2, 'sib', 'sib')","(2, 'sib', 'Tau')",,,,
170,"(1, 'pp', 'pp')","(1, 'pp', 'Tau')",,,,,
171,"(2, 'sib', 'Tau')",,,,,,
172,"(1, 'pp', 'pp')","(1, 'pp', 'po')","(1, 'po', 'Tau')",,,,
173,"(2, 'va', 'Tau')",,,,,,
174,"(1, 'po', 'po')","(1, 'po', 'Tau')",,,,,
175,"(1, 'po', 'Tau')",,,,,,
176,"(2, 'sib', 'pp')","(1, 'pp', 'va')","(2, 'va', 'Tau')",,,,
177,"(1, 'po', 'pp')","(1, 'pp', 'Tau')",,,,,
178,"(1, 'pp', 'pp')","(1, 'pp', 'va')","(2, 'va', 'sib')","(2, 'sib', 'Tau')",,,
179,"(1, 'po', 'Tau')",,,,,,
180,"(1, 'po', 'po')","(1, 'po', 'Tau')",,,,,
181,"(1, 'pp', 'Tau')",,,,,,
182,"(2, 'va', 'Tau')",,,,,,
183,"(3, 'sib', 'Tau')",,,,,,
184,"(1, 'pp', 'pp')","(1, 'pp', 'pp')","(1, 'pp', 'Tau')",,,,
185,"(2, 'sib', 'va')","(2, 'va', 'sib')","(2, 'sib', 'Tau')",,,,
186,"(2, 'sib', 'Tau')",,,,,,
187,"(1, 'pp', 'Tau')",,,,,,
188,"(2, 'sib', 'Tau')",,,,,,
189,"(2, 'va', 'Tau')",,,,,,
190,"(1, 'pp', 'pp')","(1, 'pp', 'pp')","(1, 'pp', 'Tau')",,,,
191,"(1, 'po', 'po')","(6, 'po', 'va')","(2, 'va', 'Tau')",,,,
192,"(1, 'pp', 'Tau')",,,,,,
193,"(2, 'sib', 'va')","(2, 'va', 'pp')","(1, 'pp', 'sib')","(2, 'sib', 'sib')","(2, 'sib', 'Tau')",,
194,"(2, 'va', 'Tau')",,,,,,
195,"(2, 'sib', 'pp')","(1, 'pp', 'pp')","(1, 'pp', 'Tau')",,,,
196,"(1, 'pp', 'pp')","(1, 'pp', 'Tau')",,,,,
197,"(1, 'pp', 'pp')","(1, 'pp', 'sib')","(2, 'sib', 'Tau')",,,,
198,"(2, 'sib', 'sib')","(2, 'sib', 'Tau')",,,,,
199,"(1, 'po', 'Tau')",,,,,,
200,"(1, 'pp', 'pp')","(1, 'pp', 'va')","(2, 'va', 'Tau')",,,,
201,"(2, 'sib', 'Tau')",,,,,,
202,"(1, 'po', 'po')","(1, 'po', 'Tau')",,,,,
203,"(1, 'po', 'po')","(1, 'po', 'Tau')",,,,,
204,"(1, 'po', 'Tau')",,,,,,
205,"(2, 'sib', 'sib')","(2, 'sib', 'Tau')",,,,,
206,"(2, 'va', 'Tau')",,,,,,
207,"(2, 'va', 'sib')","(2, 'sib', 'Tau')",,,,,
208,"(2, 'sib', 'Tau')",,,,,,
209,"(2, 'va', 'Tau')",,,,,,
210,"(1, 'pp', 'pp')","(1, 'pp', 'pp')","(1, 'pp', 'pp')","(1, 'pp', 'pp')","(1, 'pp', 'pp')","(1, 'pp', 'pp')","(1, 'pp', 'po')"
211,"(1, 'po', 'Tau')",,,,,,
212,"(1, 'po', 'po')","(1, 'po', 'Tau')",,,,,
213,"(2, 'va', 'Tau')",,,,,,
214,"(1, 'pp', 'va')","(5, 'va', 'Tau')",,,,,
215,"(1, 'po', 'sib')","(2, 'sib', 'pp')","(1, 'pp', 'Tau')",,,,
216,"(2, 'sib', 'Tau')",,,,,,
217,"(1, 'po', 'Tau')",,,,,,
218,"(1, 'po', 'Tau')",,,,,,
219,"(1, 'pp', 'pp')","(1, 'pp', 'pp')","(1, 'pp', 'va')","(2, 'va', 'Tau')",,,
220,"(1, 'pp', 'Tau')",,,,,,
221,"(1, 'pp', 'pp')","(1, 'pp', 'va')","(2, 'va', 'va')","(2, 'va', 'Tau')",,,
222,"(2, 'va', 'Tau')",,,,,,
223,"(2, 'sib', 'Tau')",,,,,,
224,"(1, 'po', 'Tau')",,,,,,
225,"(1, 'pp', 'Tau')",,,,,,
226,"(1, 'pp', 'sib')","(2, 'sib', 'Tau')",,,,,
227,"(1, 'po', 'po')","(1, 'po', 'pp')","(1, 'pp', 'Tau')",,,,
228,"(2, 'sib', 'sib')","(6, 'sib', 'Tau')",,,,,
229,"(2, 'va', 'pp')","(1, 'pp', 'Tau')",,,,,
230,"(1, 'pp', 'pp')","(1, 'pp', 'pp')","(5, 'pp', 'pp')","(1, 'pp', 'Tau')",,,
231,"(1, 'po', 'va')","(2, 'va', 'Tau')",,,,,
232,"(2, 'sib', 'Tau')",,,,,,
233,"(2, 'sib', 'sib')","(2, 'sib', 'Tau')",,,,,
234,"(1, 'pp', 'va')","(2, 'va', 'sib')","(2, 'sib', 'Tau')",,,,
235,"(2, 'va', 'va')","(2, 'va', 'Tau')",,,,,
236,"(2, 'va', 'Tau')",,,,,,
237,"(2, 'sib', 'Tau')",,,,,,
238,"(1, 'po', 'pp')","(1, 'pp', 'pp')","(1, 'pp', 'pp')","(1, 'pp', 'Tau')",,,
239,"(1, 'po', 'pp')","(1, 'pp', 'Tau')",,,,,
240,"(1, 'po', 'Tau')",,,,,,
241,"(2, 'va', 'Tau')",,,,,,
242,"(2, 'va', 'Tau')",,,,,,
243,"(1, 'pp', 'pp')","(1, 'pp', 'pp')","(1, 'pp', 'Tau')",,,,
244,"(1, 'po', 'sib')","(2, 'sib', 'Tau')",,,,,
245,"(2, 'sib', 'sib')","(2, 'sib', 'Tau')",,,,,
246,"(1, 'po', 'Tau')",,,,,,
247,"(2, 'pp', 'po')","(1, 'po', 'Tau')",,,,,
248,"(2, 'sib', 'Tau')",,,,,,
249,"(1, 'po', 'pp')","(1, 'pp', 'Tau')",,,,,
250,"(1, 'po', 'Tau')",,,,,,
251,"(2, 'va', 'Tau')",,,,,,
252,"(1, 'pp', 'pp')","(1, 'pp', 'Tau')",,,,,
253,"(1, 'po', 'Tau')",,,,,,
254,"(2, 'va', 'Tau')",,,,,,
255,"(1, 'pp', 'Tau')",,,,,,
256,"(1, 'pp', 'Tau')",,,,,,
257,"(3, 'va', 'Tau')",,,,,,
258,"(1, 'po', 'Tau')",,,,,,
259,"(2, 'sib', 'Tau')",,,,,,
260,"(2, 'sib', 'pp')","(1, 'pp', 'Tau')",,,,,
261,"(1, 'pp', 'Tau')",,,,,,
262,"(2, 'sib', 'Tau')",,,,,,
263,"(1, 'pp', 'pp')","(1, 'pp', 'Tau')",,,,,
264,"(1, 'po', 'Tau')",,,,,,
265,"(0, 'sib', 'Tau')",,,,,,
266,"(2, 'va', 'Tau')",,,,,,
267,"(2, 'va', 'Tau')",,,,,,
268,"(2, 'va', 'Tau')",,,,,,
269,"(1, 'pp', 'Tau')",,,,,,
270,"(2, 'sib', 'Tau')",,,,,,
271,"(2, 'va', 'va')","(2, 'va', 'Tau')",,,,,
272,"(1, 'pp', 'Tau')",,,,,,
273,"(2, 'po', 'Tau')",,,,,,
274,"(1, 'pp', 'Tau')",,,,,,
275,"(1, 'pp', 'Tau')",,,,,,
276,"(2, 'po', 'va')","(2, 'va', 'sib')","(2, 'sib', 'pp')","(1, 'pp', 'Tau')",,,
277,"(2, 'va', 'sib')","(2, 'sib', 'Tau')",,,,,
278,"(1, 'pp', 'Tau')",,,,,,
279,"(1, 'pp', 'pp')","(1, 'pp', 'Tau')",,,,,
280,"(2, 'sib', 'sib')","(2, 'sib', 'Tau')",,,,,
281,"(2, 'po', 'sib')","(2, 'sib', 'Tau')",,,,,
282,"(2, 'po', 'Tau')",,,,,,
283,"(2, 'po', 'Tau')",,,,,,
284,"(2, 'va', 'pp')","(1, 'pp', 'Tau')",,,,,
285,"(1, 'pp', 'Tau')",,,,,,
286,"(1, 'pp', 'pp')","(1, 'pp', 'Tau')",,,,,
287,"(1, 'pp', 'pp')","(1, 'pp', 'Tau')",,,,,
288,"(2, 'va', 'Tau')",,,,,,
289,"(2, 'va', 'Tau')",,,,,,
290,"(2, 'po', 'Tau')",,,,,,
291,"(1, 'pp', 'Tau')",,,,,,
292,"(2, 'po', 'Tau')",,,,,,
293,"(1, 'pp', 'Tau')",,,,,,
294,"(1, 'pp', 'pp')","(1, 'pp', 'Tau')",,,,,
295,"(2, 'po', 'Tau')",,,,,,
296,"(3, 'po', 'Tau')",,,,,,
297,"(1, 'pp', 'pp')","(1, 'pp', 'Tau')",,,,,
298,"(2, 'va', 'va')","(2, 'va', 'va')","(2, 'va', 'Tau')",,,,
299,"(2, 'po', 'Tau')",,,,,,
300,"(2, 'po', 'Tau')",,,,,,
301,"(2, 'sib', 'Tau')",,,,,,
302,"(2, 'sib', 'sib')","(2, 'sib', 'Tau')",,,,,
303,"(2, 'po', 'pp')","(1, 'pp', 'Tau')",,,,,
304,"(1, 'pp', 'sib')","(2, 'sib', 'Tau')",,,,,
305,"(3, 'va', 'Tau')",,,,,,
306,"(2, 'va', 'va')","(2, 'va', 'Tau')",,,,,
307,"(2, 'va', 'pp')","(1, 'pp', 'va')","(2, 'va', 'pp')","(1, 'pp', 'Tau')",,,
308,"(2, 'va', 'Tau')",,,,,,
309,"(2, 'sib', 'pp')","(1, 'pp', 'pp')","(1, 'pp', 'Tau')",,,,
310,"(2, 'va', 'sib')","(2, 'sib', 'Tau')",,,,,
311,"(2, 'po', 'va')","(2, 'va', 'Tau')",,,,,
312,"(2, 'va', 'Tau')",,,,,,
313,"(2, 'po', 'va')","(2, 'va', 'Tau')",,,,,
314,"(2, 'va', 'va')","(2, 'va', 'pp')","(1, 'pp', 'pp')","(1, 'pp', 'Tau')",,,
315,"(2, 'po', 'pp')","(1, 'pp', 'Tau')",,,,,
316,"(1, 'pp', 'pp')","(1, 'pp', 'Tau')",,,,,
317,"(2, 'po', 'Tau')",,,,,,
318,"(2, 'po', 'sib')","(2, 'sib', 'va')","(2, 'va', 'va')","(2, 'va', 'va')","(2, 'va', 'Tau')",,
319,"(1, 'pp', 'Tau')",,,,,,
320,"(2, 'va', 'Tau')",,,,,,
321,"(1, 'pp', 'pp')","(1, 'pp', 'Tau')",,,,,
322,"(2, 'po', 'pp')","(1, 'pp', 'pp')","(1, 'pp', 'Tau')",,,,
323,"(2, 'sib', 'Tau')",,,,,,
324,"(1, 'pp', 'po')","(2, 'po', 'sib')","(2, 'sib', 'sib')","(2, 'sib', 'Tau')",,,
325,"(0, 'pp', 'Tau')",,,,,,
326,"(2, 'sib', 'Tau')",,,,,,
327,"(1, 'pp', 'Tau')",,,,,,
328,"(2, 'po', 'pp')","(1, 'pp', 'pp')","(1, 'pp', 'Tau')",,,,
329,"(2, 'po', 'pp')","(1, 'pp', 'Tau')",,,,,
330,"(2, 'va', 'Tau')",,,,,,
331,"(2, 'va', 'sib')","(2, 'sib', 'sib')","(2, 'sib', 'Tau')",,,,
332,"(2, 'va', 'va')","(2, 'va', 'va')","(2, 'va', 'Tau')",,,,
333,"(2, 'va', 'Tau')",,,,,,
334,"(2, 'va', 'va')","(2, 'va', 'sib')","(2, 'sib', 'Tau')",,,,
335,"(2, 'sib', 'pp')","(1, 'pp', 'pp')","(1, 'pp', 'pp')","(1, 'pp', 'Tau')",,,
336,"(1, 'pp', 'pp')","(1, 'pp', 'Tau')",,,,,
337,"(1, 'pp', 'po')","(1, 'po', 'pp')","(1, 'pp', 'Tau')",,,,
338,"(1, 'po', 'Tau')",,,,,,
339,"(2, 'va', 'Tau')",,,,,,
340,"(2, 'va', 'Tau')",,,,,,
341,"(2, 'va', 'sib')","(2, 'sib', 'sib')","(2, 'sib', 'Tau')",,,,
342,"(2, 'sib', 'Tau')",,,,,,
343,"(2, 'sib', 'Tau')",,,,,,
344,"(2, 'sib', 'Tau')",,,,,,
345,"(2, 'sib', 'Tau')",,,,,,
346,"(1, 'pp', 'Tau')",,,,,,
347,"(2, 'sib', 'sib')","(2, 'sib', 'sib')","(2, 'sib', 'sib')","(2, 'sib', 'Tau')",,,
348,"(2, 'va', 'Tau')",,,,,,
349,"(2, 'va', 'Tau')",,,,,,
350,"(1, 'po', 'pp')","(1, 'pp', 'po')","(1, 'po', 'Tau')",,,,
351,"(1, 'pp', 'Tau')",,,,,,
352,"(2, 'va', 'va')","(2, 'va', 'Tau')",,,,,
353,"(1, 'po', 'Tau')",,,,,,
354,"(2, 'sib', 'sib')","(2, 'sib', 'sib')","(2, 'sib', 'Tau')",,,,
355,"(2, 'sib', 'Tau')",,,,,,
356,"(2, 'va', 'va')","(2, 'va', 'Tau')",,,,,
357,"(1, 'po', 'pp')","(1, 'pp', 'pp')","(1, 'pp', 'Tau')",,,,
358,"(2, 'va', 'va')","(2, 'va', 'Tau')",,,,,
359,"(2, 'sib', 'va')","(2, 'va', 'Tau')",,,,,
360,"(1, 'pp', 'pp')","(1, 'pp', 'pp')","(1, 'pp', 'Tau')",,,,
361,"(1, 'po', 'po')","(1, 'po', 'Tau')",,,,,
362,"(1, 'pp', 'Tau')",,,,,,
363,"(2, 'va', 'va')","(2, 'va', 'pp')","(1, 'pp', 'pp')","(1, 'pp', 'Tau')",,,
364,"(1, 'pp', 'sib')","(2, 'sib', 'pp')","(1, 'pp', 'pp')","(1, 'pp', 'pp')","(1, 'pp', 'Tau')",,
365,"(2, 'sib', 'Tau')",,,,,,
366,"(2, 'sib', 'sib')","(2, 'sib', 'Tau')",,,,,
367,"(1, 'pp', 'pp')","(1, 'pp', 'Tau')",,,,,
368,"(2, 'va', 'Tau')",,,,,,
369,"(1, 'pp', 'Tau')",,,,,,
370,"(1, 'pp', 'pp')","(1, 'pp', 'Tau')",,,,,
371,"(2, 'sib', 'Tau')",,,,,,
372,"(2, 'sib', 'Tau')",,,,,,
373,"(1, 'pp', 'po')","(1, 'po', 'Tau')",,,,,
374,"(1, 'po', 'pp')","(1, 'pp', 'pp')","(1, 'pp', 'Tau')",,,,
375,"(1, 'pp', 'pp')","(1, 'pp', 'Tau')",,,,,
376,"(2, 'sib', 'Tau')",,,,,,
377,"(1, 'pp', 'pp')","(1, 'pp', 'Tau')",,,,,
378,"(2, 'sib', 'Tau')",,,,,,
379,"(2, 'va', 'va')","(2, 'va', 'Tau')",,,,,
380,"(1, 'po', 'po')","(1, 'po', 'pp')","(1, 'pp', 'pp')","(1, 'pp', 'Tau')",,,
381,"(1, 'po', 'Tau')",,,,,,
382,"(2, 'va', 'Tau')",,,,,,
383,"(1, 'pp', 'pp')","(1, 'pp', 'pp')","(1, 'pp', 'Tau')",,,,
384,"(1, 'po', 'Tau')",,,,,,
385,"(1, 'po', 'po')","(1, 'po', 'Tau')",,,,,
386,"(1, 'pp', 'pp')","(1, 'pp', 'pp')","(1, 'pp', 'pp')","(1, 'pp', 'Tau')",,,
387,"(2, 'sib', 'pp')","(1, 'pp', 'pp')","(1, 'pp', 'Tau')",,,,
388,"(2, 'sib', 'Tau')",,,,,,
389,"(1, 'pp', 'Tau')",,,,,,
390,"(2, 'va', 'Tau')",,,,,,
391,"(2, 'sib', 'Tau')",,,,,,
392,"(1, 'po', 'pp')","(1, 'pp', 'pp')","(1, 'pp', 'pp')","(1, 'pp', 'Tau')",,,
393,"(1, 'po', 'Tau')",,,,,,
394,"(2, 'va', 'Tau')",,,,,,
395,"(2, 'va', 'Tau')",,,,,,
396,"(2, 'sib', 'sib')","(2, 'sib', 'Tau')",,,,,
397,"(1, 'po', 'va')","(2, 'va', 'Tau')",,,,,
398,"(2, 'va', 'pp')","(1, 'pp', 'Tau')",,,,,
399,"(2, 'sib', 'sib')","(2, 'sib', 'sib')","(2, 'sib', 'Tau')",,,,
400,"(1, 'po', 'Tau')",,,,,,
401,"(1, 'po', 'va')","(2, 'va', 'Tau')",,,,,
402,"(2, 'va', 'Tau')",,,,,,
403,"(1, 'po', 'Tau')",,,,,,
404,"(1, 'po', 'pp')","(1, 'pp', 'Tau')",,,,,
405,"(2, 'va', 'va')","(2, 'va', 'va')","(2, 'va', 'pp')","(1, 'pp', 'Tau')",,,
406,"(1, 'pp', 'Tau')",,,,,,
407,"(2, 'va', 'pp')","(1, 'pp', 'sib')","(2, 'sib', 'sib')","(2, 'sib', 'Tau')",,,
408,"(1, 'po', 'va')","(2, 'va', 'va')","(2, 'va', 'Tau')",,,,
409,"(1, 'po', 'va')","(2, 'va', 'Tau')",,,,,
410,"(1, 'po', 'Tau')",,,,,,
411,"(1, 'pp', 'pp')","(1, 'pp', 'pp')","(1, 'pp', 'Tau')",,,,
412,"(1, 'pp', 'Tau')",,,,,,
413,"(2, 'sib', 'sib')","(2, 'sib', 'Tau')",,,,,
414,"(1, 'pp', 'Tau')",,,,,,
415,"(2, 'sib', 'Tau')",,,,,,
416,"(2, 'sib', 'Tau')",,,,,,
417,"(2, 'va', 'Tau')",,,,,,
418,"(2, 'sib', 'sib')","(2, 'sib', 'sib')","(2, 'sib', 'po')","(1, 'po', 'Tau')",,,
419,"(1, 'pp', 'Tau')",,,,,,
420,"(2, 'va', 'po')","(1, 'po', 'Tau')",,,,,
421,"(1, 'po', 'Tau')",,,,,,
422,"(2, 'va', 'Tau')",,,,,,
423,"(1, 'po', 'Tau')",,,,,,
424,"(1, 'pp', 'va')","(2, 'va', 'Tau')",,,,,
425,"(1, 'po', 'pp')","(1, 'pp', 'pp')","(1, 'pp', 'va')","(2, 'va', 'Tau')",,,
426,"(1, 'pp', 'Tau')",,,,,,
427,"(2, 'sib', 'sib')","(2, 'sib', 'sib')","(2, 'sib', 'sib')","(1, 'sib', 'sib')","(2, 'sib', 'Tau')",,
428,"(1, 'pp', 'pp')","(1, 'pp', 'Tau')",,,,,
429,"(1, 'pp', 'Tau')",,,,,,
430,"(2, 'sib', 'va')","(2, 'va', 'Tau')",,,,,
431,"(1, 'pp', 'Tau')",,,,,,
432,"(2, 'sib', 'sib')","(2, 'sib', 'po')","(1, 'po', 'Tau')",,,,
433,"(2, 'va', 'Tau')",,,,,,
434,"(1, 'po', 'Tau')",,,,,,
435,"(2, 'va', 'Tau')",,,,,,
436,"(2, 'va', 'Tau')",,,,,,
437,"(1, 'po', 'Tau')",,,,,,
438,"(2, 'sib', 'Tau')",,,,,,
439,"(2, 'sib', 'va')","(2, 'va', 'Tau')",,,,,
440,"(2, 'va', 'Tau')",,,,,,
441,"(2, 'va', 'pp')","(1, 'pp', 'pp')","(1, 'pp', 'pp')","(1, 'pp', 'Tau')",,,
442,"(2, 'va', 'Tau')",,,,,,
443,"(2, 'va', 'pp')","(1, 'pp', 'Tau')",,,,,
444,"(2, 'va', 'Tau')",,,,,,
445,"(2, 'sib', 'sib')","(2, 'sib', 'Tau')",,,,,
446,"(2, 'va', 'po')","(1, 'po', 'Tau')",,,,,
447,"(2, 'sib', 'Tau')",,,,,,
448,"(1, 'po', 'po')","(1, 'po', 'pp')","(1, 'pp', 'Tau')",,,,
449,"(2, 'va', 'va')","(2, 'va', 'pp')","(1, 'pp', 'pp')","(1, 'pp', 'Tau')",,,
450,"(1, 'pp', 'pp')","(1, 'pp', 'Tau')",,,,,
451,"(2, 'va', 'pp')","(1, 'pp', 'Tau')",,,,,
452,"(2, 'sib', 'Tau')",,,,,,
453,"(1, 'po', 'pp')","(1, 'pp', 'pp')","(1, 'pp', 'Tau')",,,,
454,"(2, 'va', 'pp')","(1, 'pp', 'Tau')",,,,,
455,"(1, 'po', 'Tau')",,,,,,
456,"(2, 'va', 'Tau')",,,,,,
457,"(1, 'pp', 'va')","(2, 'va', 'pp')","(1, 'pp', 'va')","(2, 'va', 'Tau')",,,
458,"(1, 'po', 'va')","(2, 'va', 'Tau')",,,,,
459,"(2, 'va', 'Tau')",,,,,,
460,"(1, 'po', 'Tau')",,,,,,
461,"(2, 'sib', 'Tau')",,,,,,
462,"(1, 'po', 'Tau')",,,,,,
463,"(2, 'va', 'va')","(2, 'va', 'Tau')",,,,,
464,"(1, 'po', 'pp')","(1, 'pp', 'Tau')",,,,,
465,"(2, 'va', 'Tau')",,,,,,
466,"(1, 'pp', 'Tau')",,,,,,
467,"(2, 'sib', 'Tau')",,,,,,
468,"(2, 'sib', 'pp')","(1, 'pp', 'Tau')",,,,,
469,"(1, 'po', 'pp')","(1, 'pp', 'Tau')",,,,,
470,"(2, 'va', 'Tau')",,,,,,
471,"(1, 'pp', 'pp')","(1, 'pp', 'Tau')",,,,,
472,"(2, 'va', 'Tau')",,,,,,
473,"(1, 'po', 'Tau')",,,,,,
474,"(2, 'va', 'pp')","(1, 'pp', 'pp')","(1, 'pp', 'Tau')",,,,
475,"(1, 'po', 'pp')","(1, 'pp', 'va')","(2, 'va', 'Tau')",,,,
476,"(2, 'sib', 'Tau')",,,,,,
477,"(2, 'va', 'Tau')",,,,,,
478,"(2, 'sib', 'Tau')",,,,,,
479,"(2, 'va', 'Tau')",,,,,,
480,"(1, 'po', 'Tau')",,,,,,
481,"(1, 'pp', 'pp')","(1, 'pp', 'Tau')",,,,,
482,"(1, 'po', 'Tau')",,,,,,
483,"(1, 'pp', 'Tau')",,,,,,
484,"(2, 'sib', 'Tau')",,,,,,
485,"(1, 'pp', 'Tau')",,,,,,
486,"(1, 'pp', 'Tau')",,,,,,
487,"(1, 'pp', 'Tau')",,,,,,
488,"(2, 'va', 'Tau')",,,,,,
489,"(2, 'va', 'pp')","(1, 'pp', 'pp')","(1, 'pp', 'pp')","(1, 'pp', 'pp')","(1, 'pp', 'pp')","(1, 'pp', 'pp')","(1, 'pp', 'Tau')"
490,"(2, 'va', 'Tau')",,,,,,
491,"(2, 'va', 'pp')","(1, 'pp', 'pp')","(1, 'pp', 'po')","(1, 'po', 'po')","(1, 'po', 'Tau')",,
492,"(2, 'va', 'Tau')",,,,,,
493,"(1, 'pp', 'po')","(1, 'po', 'Tau')",,,,,
494,"(2, 'sib', 'sib')","(2, 'sib', 'sib')","(2, 'sib', 'Tau')",,,,
495,"(2, 'sib', 'pp')","(1, 'pp', 'va')","(2, 'va', 'Tau')",,,,
496,"(1, 'po', 'po')","(1, 'po', 'Tau')",,,,,
497,"(1, 'pp', 'pp')","(1, 'pp', 'pp')","(1, 'pp', 'pp')","(1, 'pp', 'va')","(2, 'va', 'Tau')",,
498,"(2, 'sib', 'pp')","(1, 'pp', 'po')","(1, 'po', 'Tau')",,,,
499,"(1, 'pp', 'Tau')",,,,,,
500,"(1, 'pp', 'Tau')",,,,,,
501,"(1, 'po', 'Tau')",,,,,,
502,"(1, 'po', 'Tau')",,,,,,
503,"(2, 'va', 'va')","(2, 'va', 'sib')","(2, 'sib', 'Tau')",,,,
504,"(1, 'po', 'pp')","(1, 'pp', 'Tau')",,,,,
505,"(1, 'po', 'Tau')",,,,,,
506,"(1, 'po', 'Tau')",,,,,,
507,"(1, 'po', 'Tau')",,,,,,
508,"(2, 'va', 'Tau')",,,,,,
509,"(1, 'po', 'sib')","(2, 'sib', 'sib')","(2, 'sib', 'Tau')",,,,
510,"(1, 'pp', 'Tau')",,,,,,
511,"(1, 'pp', 'pp')","(1, 'pp', 'Tau')",,,,,
512,"(1, 'pp', 'pp')","(1, 'pp', 'Tau')",,,,,
513,"(1, 'po', 'Tau')",,,,,,
514,"(2, 'va', 'Tau')",,,,,,
515,"(2, 'sib', 'sib')","(2, 'sib', 'pp')","(1, 'pp', 'Tau')",,,,
516,"(1, 'pp', 'pp')","(1, 'pp', 'pp')","(1, 'pp', 'Tau')",,,,
517,"(1, 'po', 'Tau')",,,,,,
518,"(1, 'po', 'Tau')",,,,,,
519,"(1, 'pp', 'pp')","(1, 'pp', 'Tau')",,,,,
520,"(2, 'va', 'Tau')",,,,,,
521,"(1, 'pp', 'Tau')",,,,,,
522,"(2, 'po', 'pp')","(1, 'pp', 'Tau')",,,,,
523,"(4, 'sib', 'sib')","(2, 'sib', 'sib')","(2, 'sib', 'Tau')",,,,
524,"(2, 'sib', 'Tau')",,,,,,
525,"(2, 'po', 'va')","(2, 'va', 'Tau')",,,,,
526,"(2, 'po', 'po')","(2, 'po', 'po')","(2, 'po', 'pp')","(1, 'pp', 'pp')","(1, 'pp', 'Tau')",,
527,"(2, 'va', 'Tau')",,,,,,
528,"(2, 'po', 'Tau')",,,,,,
529,"(1, 'pp', 'pp')","(1, 'pp', 'Tau')",,,,,
530,"(1, 'pp', 'pp')","(1, 'pp', 'va')","(2, 'va', 'va')","(2, 'va', 'Tau')",,,
531,"(2, 'po', 'sib')","(2, 'sib', 'pp')","(1, 'pp', 'Tau')",,,,
532,"(2, 'po', 'Tau')",,,,,,
533,"(2, 'po', 'pp')","(1, 'pp', 'Tau')",,,,,
534,"(2, 'sib', 'Tau')",,,,,,
535,"(2, 'sib', 'sib')","(2, 'sib', 'Tau')",,,,,
536,"(2, 'sib', 'Tau')",,,,,,
537,"(1, 'pp', 'pp')","(1, 'pp', 'pp')","(1, 'pp', 'pp')","(1, 'pp', 'po')","(2, 'po', 'pp')","(1, 'pp', 'Tau')",
538,"(2, 'va', 'Tau')",,,,,,
539,"(2, 'po', 'Tau')",,,,,,
540,"(2, 'va', 'Tau')",,,,,,
541,"(1, 'pp', 'Tau')",,,,,,
542,"(2, 'po', 'pp')","(1, 'pp', 'pp')","(1, 'pp', 'Tau')",,,,
543,"(2, 'po', 'sib')","(2, 'sib', 'pp')","(1, 'pp', 'Tau')",,,,
544,"(2, 'sib', 'Tau')",,,,,,
545,"(2, 'po', 'pp')","(1, 'pp', 'Tau')",,,,,
546,"(2, 'po', 'va')","(2, 'va', 'Tau')",,,,,
547,"(2, 'va', 'va')","(2, 'va', 'va')","(2, 'va', 'Tau')",,,,
548,"(2, 'po', 'Tau')",,,,,,
549,"(2, 'va', 'Tau')",,,,,,
550,"(2, 'sib', 'Tau')",,,,,,
551,"(2, 'sib', 'va')","(2, 'va', 'pp')","(1, 'pp', 'Tau')",,,,
552,"(2, 'sib', 'Tau')",,,,,,
553,"(2, 'sib', 'Tau')",,,,,,
554,"(2, 'sib', 'Tau')",,,,,,
555,"(2, 'va', 'sib')","(2, 'sib', 'Tau')",,,,,
556,"(1, 'pp', 'Tau')",,,,,,
557,"(2, 'va', 'Tau')",,,,,,
558,"(2, 'sib', 'Tau')",,,,,,
559,"(1, 'pp', 'Tau')",,,,,,
560,"(2, 'sib', 'sib')","(2, 'sib', 'sib')","(2, 'sib', 'sib')","(2, 'sib', 'Tau')",,,
561,"(1, 'pp', 'Tau')",,,,,,
562,"(2, 'sib', 'sib')","(2, 'sib', 'Tau')",,,,,
563,"(1, 'pp', 'pp')","(1, 'pp', 'Tau')",,,,,
564,"(1, 'pp', 'sib')","(2, 'sib', 'sib')","(2, 'sib', 'Tau')",,,,
565,"(2, 'po', 'po')","(2, 'po', 'pp')","(1, 'pp', 'sib')","(2, 'sib', 'Tau')",,,
566,"(2, 'va', 'Tau')",,,,,,
567,"(2, 'va', 'va')","(2, 'va', 'Tau')",,,,,
568,"(1, 'pp', 'pp')","(1, 'pp', 'Tau')",,,,,
569,"(2, 'sib', 'sib')","(2, 'sib', 'po')","(1, 'po', 'va')","(2, 'va', 'Tau')",,,
570,"(2, 'va', 'Tau')",,,,,,
571,"(1, 'po', 'sib')","(2, 'sib', 'Tau')",,,,,
572,"(1, 'pp', 'Tau')",,,,,,
573,"(1, 'pp', 'Tau')",,,,,,
574,"(1, 'pp', 'Tau')",,,,,,
575,"(1, 'po', 'po')","(1, 'po', 'Tau')",,,,,
576,"(2, 'va', 'Tau')",,,,,,
577,"(1, 'pp', 'pp')","(1, 'pp', 'Tau')",,,,,
578,"(2, 'sib', 'sib')","(2, 'sib', 'Tau')",,,,,
579,"(1, 'pp', 'Tau')",,,,,,
580,"(2, 'va', 'Tau')",,,,,,
581,"(2, 'va', 'Tau')",,,,,,
582,"(1, 'pp', 'Tau')",,,,,,
583,"(1, 'po', 'Tau')",,,,,,
584,"(2, 'va', 'va')","(2, 'va', 'sib')","(2, 'sib', 'sib')","(2, 'sib', 'Tau')",,,
585,"(2, 'sib', 'va')","(2, 'va', 'Tau')",,,,,
586,"(2, 'sib', 'Tau')",,,,,,
587,"(1, 'po', 'pp')","(1, 'pp', 'Tau')",,,,,
588,"(1, 'po', 'po')","(1, 'po', 'po')","(2, 'po', 'Tau')",,,,
589,"(2, 'va', 'Tau')",,,,,,
590,"(2, 'po', 'Tau')",,,,,,
591,"(1, 'pp', 'Tau')",,,,,,
592,"(2, 'sib', 'sib')","(2, 'sib', 'sib')","(2, 'sib', 'sib')","(2, 'sib', 'sib')","(2, 'sib', 'sib')","(2, 'sib', 'sib')","(2, 'sib', 'Tau')"
593,"(2, 'sib', 'Tau')",,,,,,
594,"(2, 'va', 'pp')","(1, 'pp', 'po')","(2, 'po', 'Tau')",,,,
595,"(2, 'va', 'Tau')",,,,,,
596,"(2, 'po', 'Tau')",,,,,,
597,"(2, 'sib', 'Tau')",,,,,,
598,"(1, 'pp', 'Tau')",,,,,,
599,"(1, 'pp', 'pp')","(1, 'pp', 'pp')","(1, 'pp', 'Tau')",,,,
600,"(2, 'sib', 'sib')","(2, 'sib', 'Tau')",,,,,
601,"(2, 'sib', 'Tau')",,,,,,
602,"(2, 'sib', 'Tau')",,,,,,
603,"(2, 'va', 'pp')","(1, 'pp', 'Tau')",,,,,
604,"(1, 'pp', 'po')","(2, 'po', 'va')","(2, 'va', 'va')","(2, 'va', 'va')","(2, 'va', 'pp')","(1, 'pp', 'pp')","(1, 'pp', 'Tau')"
605,"(2, 'sib', 'sib')","(2, 'sib', 'Tau')",,,,,
606,"(1, 'pp', 'pp')","(1, 'pp', 'va')","(4, 'va', 'Tau')",,,,
607,"(2, 'va', 'va')","(2, 'va', 'Tau')",,,,,
608,"(2, 'va', 'Tau')",,,,,,
609,"(2, 'sib', 'Tau')",,,,,,
610,"(1, 'pp', 'Tau')",,,,,,
611,"(1, 'pp', 'pp')","(1, 'pp', 'pp')","(1, 'pp', 'Tau')",,,,
612,"(2, 'sib', 'sib')","(2, 'sib', 'pp')","(1, 'pp', 'Tau')",,,,
613,"(2, 'sib', 'Tau')",,,,,,
614,"(2, 'po', 'Tau')",,,,,,
615,"(2, 'sib', 'sib')","(2, 'sib', 'sib')","(2, 'sib', 'Tau')",,,,
616,"(2, 'po', 'Tau')",,,,,,
617,"(2, 'sib', 'Tau')",,,,,,
618,"(2, 'sib', 'pp')","(1, 'pp', 'Tau')",,,,,
619,"(1, 'pp', 'Tau')",,,,,,
620,"(2, 'po', 'pp')","(1, 'pp', 'Tau')",,,,,
621,"(1, 'pp', 'pp')","(1, 'pp', 'pp')","(1, 'pp', 'pp')","(1, 'pp', 'Tau')",,,
622,"(2, 'sib', 'Tau')",,,,,,
623,"(1, 'pp', 'pp')","(1, 'pp', 'pp')","(1, 'pp', 'Tau')",,,,
624,"(1, 'pp', 'pp')","(1, 'pp', 'Tau')",,,,,
625,"(1, 'pp', 'pp')","(1, 'pp', 'Tau')",,,,,
626,"(2, 'va', 'Tau')",,,,,,
627,"(2, 'po', 'Tau')",,,,,,
628,"(1, 'pp', 'Tau')",,,,,,
629,"(1, 'pp', 'pp')","(1, 'pp', 'Tau')",,,,,
630,"(2, 'po', 'va')","(2, 'va', 'Tau')",,,,,
631,"(2, 'va', 'po')","(2, 'po', 'sib')","(2, 'sib', 'sib')","(2, 'sib', 'Tau')",,,
632,"(2, 'sib', 'Tau')",,,,,,
633,"(2, 'va', 'Tau')",,,,,,
634,"(2, 'sib', 'sib')","(2, 'sib', 'Tau')",,,,,
635,"(2, 'va', 'sib')","(2, 'sib', 'va')","(2, 'va', 'Tau')",,,,
636,"(2, 'po', 'pp')","(1, 'pp', 'Tau')",,,,,
637,"(2, 'va', 'Tau')",,,,,,
638,"(2, 'po', 'Tau')",,,,,,
639,"(2, 'sib', 'sib')","(2, 'sib', 'Tau')",,,,,
640,"(2, 'po', 'Tau')",,,,,,
641,"(2, 'sib', 'va')","(2, 'va', 'va')","(2, 'va', 'Tau')",,,,
642,"(2, 'sib', 'pp')","(1, 'pp', 'pp')","(1, 'pp', 'pp')","(1, 'pp', 'pp')","(1, 'pp', 'pp')","(1, 'pp', 'Tau')",
643,"(2, 'po', 'Tau')",,,,,,
644,"(2, 'po', 'Tau')",,,,,,
645,"(1, 'pp', 'Tau')",,,,,,
646,"(2, 'po', 'Tau')",,,,,,
647,"(1, 'pp', 'Tau')",,,,,,
648,"(2, 'po', 'po')","(2, 'po', 'po')","(1, 'po', 'Tau')",,,,
649,"(1, 'pp', 'Tau')",,,,,,
650,"(1, 'pp', 'pp')","(1, 'pp', 'Tau')",,,,,
651,"(2, 'sib', 'Tau')",,,,,,
652,"(2, 'va', 'Tau')",,,,,,
653,"(1, 'pp', 'Tau')",,,,,,
654,"(1, 'pp', 'Tau')",,,,,,
655,"(1, 'po', 'va')","(2, 'va', 'Tau')",,,,,
656,"(2, 'va', 'pp')","(1, 'pp', 'pp')","(1, 'pp', 'Tau')",,,,
657,"(1, 'pp', 'pp')","(1, 'pp', 'Tau')",,,,,
658,"(1, 'pp', 'pp')","(1, 'pp', 'Tau')",,,,,
659,"(2, 'va', 'va')","(2, 'va', 'Tau')",,,,,
660,"(2, 'po', 'sib')","(2, 'sib', 'sib')","(2, 'sib', 'Tau')",,,,
661,"(1, 'pp', 'Tau')",,,,,,
662,"(2, 'po', 'Tau')",,,,,,
663,"(2, 'po', 'sib')","(2, 'sib', 'pp')","(1, 'pp', 'Tau')",,,,
664,"(2, 'po', 'pp')","(1, 'pp', 'Tau')",,,,,
665,"(1, 'pp', 'Tau')",,,,,,
666,"(2, 'va', 'Tau')",,,,,,
667,"(2, 'po', 'Tau')",,,,,,
668,"(1, 'pp', 'Tau')",,,,,,
669,"(1, 'pp', 'pp')","(1, 'pp', 'pp')","(1, 'pp', 'Tau')",,,,
670,"(2, 'va', 'Tau')",,,,,,
671,"(2, 'sib', 'sib')","(2, 'sib', 'Tau')",,,,,
672,"(2, 'po', 'Tau')",,,,,,
673,"(2, 'sib', 'Tau')",,,,,,
674,"(2, 'po', 'pp')","(1, 'pp', 'Tau')",,,,,
675,"(2, 'sib', 'sib')","(2, 'sib', 'Tau')",,,,,
676,"(2, 'po', 'Tau')",,,,,,
677,"(1, 'pp', 'Tau')",,,,,,
678,"(2, 'po', 'Tau')",,,,,,
679,"(2, 'sib', 'po')","(2, 'po', 'Tau')",,,,,
680,"(1, 'pp', 'pp')","(1, 'pp', 'Tau')",,,,,
681,"(2, 'po', 'pp')","(1, 'pp', 'Tau')",,,,,
682,"(2, 'va', 'Tau')",,,,,,
683,"(2, 'va', 'pp')","(1, 'pp', 'Tau')",,,,,
684,"(2, 'sib', 'Tau')",,,,,,
685,"(2, 'po', 'Tau')",,,,,,
686,"(1, 'pp', 'pp')","(1, 'pp', 'va')","(2, 'va', 'va')","(2, 'va', 'sib')","(2, 'sib', 'Tau')",,
687,"(2, 'va', 'Tau')",,,,,,
688,"(2, 'sib', 'pp')","(1, 'pp', 'Tau')",,,,,
689,"(1, 'pp', 'pp')","(1, 'pp', 'Tau')",,,,,
690,"(2, 'va', 'Tau')",,,,,,
691,"(2, 'po', 'po')","(2, 'po', 'Tau')",,,,,
692,"(2, 'po', 'Tau')",,,,,,
693,"(2, 'po', 'Tau')",,,,,,
694,"(2, 'po', 'sib')","(2, 'sib', 'Tau')",,,,,
695,"(2, 'po', 'pp')","(1, 'pp', 'Tau')",,,,,
696,"(1, 'pp', 'Tau')",,,,,,
697,"(1, 'pp', 'Tau')",,,,,,
698,"(2, 'va', 'pp')","(1, 'pp', 'pp')","(1, 'pp', 'sib')","(2, 'sib', 'Tau')",,,
699,"(2, 'va', 'Tau')",,,,,,
700,"(2, 'va', 'va')","(2, 'va', 'sib')","(2, 'sib', 'Tau')",,,,
701,"(2, 'va', 'pp')","(1, 'pp', 'Tau')",,,,,
702,"(2, 'po', 'Tau')",,,,,,
703,"(2, 'sib', 'Tau')",,,,,,
704,"(2, 'va', 'Tau')",,,,,,
705,"(2, 'sib', 'Tau')",,,,,,
706,"(2, 'va', 'Tau')",,,,,,
707,"(2, 'va', 'va')","(2, 'va', 'Tau')",,,,,
708,"(2, 'va', 'sib')","(2, 'sib', 'Tau')",,,,,
709,"(2, 'po', 'va')","(2, 'va', 'va')","(2, 'va', 'Tau')",,,,
710,"(2, 'sib', 'sib')","(2, 'sib', 'sib')","(2, 'sib', 'pp')","(1, 'pp', 'pp')","(1, 'pp', 'pp')","(1, 'pp', 'po')","(2, 'po', 'po')"
711,"(2, 'va', 'sib')","(2, 'sib', 'Tau')",,,,,
712,"(2, 'po', 'pp')","(1, 'pp', 'pp')","(1, 'pp', 'Tau')",,,,
713,"(2, 'po', 'Tau')",,,,,,
714,"(1, 'pp', 'pp')","(1, 'pp', 'Tau')",,,,,
715,"(2, 'va', 'Tau')",,,,,,
716,"(2, 'po', 'po')","(2, 'po', 'pp')","(1, 'pp', 'Tau')",,,,
717,"(2, 'va', 'Tau')",,,,,,
718,"(1, 'pp', 'Tau')",,,,,,
719,"(1, 'pp', 'pp')","(1, 'pp', 'pp')","(1, 'pp', 'pp')","(1, 'pp', 'po')","(2, 'po', 'po')","(2, 'po', 'pp')","(1, 'pp', 'Tau')"
720,"(2, 'po', 'va')","(2, 'va', 'Tau')",,,,,
721,"(2, 'sib', 'Tau')",,,,,,
722,"(2, 'po', 'pp')","(1, 'pp', 'Tau')",,,,,
723,"(2, 'sib', 'Tau')",,,,,,
724,"(2, 'sib', 'Tau')",,,,,,
725,"(1, 'po', 'Tau')",,,,,,
726,"(2, 'sib', 'va')","(2, 'va', 'Tau')",,,,,
727,"(2, 'sib', 'sib')","(2, 'sib', 'Tau')",,,,,
728,"(1, 'po', 'sib')","(2, 'sib', 'Tau')",,,,,
729,"(2, 'va', 'Tau')",,,,,,
730,"(2, 'sib', 'Tau')",,,,,,
731,"(1, 'po', 'pp')","(1, 'pp', 'pp')","(1, 'pp', 'Tau')",,,,
732,"(1, 'pp', 'Tau')",,,,,,
733,"(1, 'pp', 'Tau')",,,,,,
734,"(1, 'pp', 'pp')","(1, 'pp', 'Tau')",,,,,
735,"(2, 'va', 'Tau')",,,,,,
736,"(1, 'po', 'Tau')",,,,,,
737,"(1, 'po', 'Tau')",,,,,,
738,"(2, 'sib', 'pp')","(1, 'pp', 'Tau')",,,,,
739,"(2, 'va', 'Tau')",,,,,,
740,"(2, 'va', 'Tau')",,,,,,
741,"(2, 'sib', 'Tau')",,,,,,
742,"(1, 'pp', 'pp')","(1, 'pp', 'Tau')",,,,,
743,"(2, 'va', 'Tau')",,,,,,
744,"(1, 'pp', 'pp')","(1, 'pp', 'Tau')",,,,,
745,"(1, 'pp', 'pp')","(1, 'pp', 'po')","(1, 'po', 'po')","(1, 'po', 'pp')","(1, 'pp', 'Tau')",,
746,"(2, 'va', 'Tau')",,,,,,
747,"(2, 'sib', 'Tau')",,,,,,
748,"(1, 'po', 'Tau')",,,,,,
749,"(2, 'va', 'pp')","(1, 'pp', 'Tau')",,,,,
750,"(2, 'sib', 'Tau')",,,,,,
751,"(2, 'sib', 'pp')","(1, 'pp', 'pp')","(1, 'pp', 'Tau')",,,,
752,"(2, 'va', 'sib')","(2, 'sib', 'sib')","(2, 'sib', 'sib')","(2, 'sib', 'Tau')",,,
753,"(2, 'sib', 'Tau')",,,,,,
754,"(2, 'va', 'Tau')",,,,,,
755,"(2, 'sib', 'Tau')",,,,,,
756,"(1, 'po', 'pp')","(1, 'pp', 'Tau')",,,,,
757,"(2, 'sib', 'sib')","(2, 'sib', 'Tau')",,,,,
758,"(2, 'sib', 'Tau')",,,,,,
759,"(2, 'va', 'Tau')",,,,,,
760,"(1, 'po', 'po')","(1, 'po', 'sib')","(2, 'sib', 'Tau')",,,,
761,"(2, 'va', 'sib')","(2, 'sib', 'pp')","(1, 'pp', 'pp')","(1, 'pp', 'pp')","(1, 'pp', 'Tau')",,
762,"(1, 'pp', 'po')","(1, 'po', 'Tau')",,,,,
763,"(1, 'po', 'Tau')",,,,,,
764,"(1, 'po', 'Tau')",,,,,,
765,"(1, 'po', 'Tau')",,,,,,
766,"(1, 'po', 'Tau')",,,,,,
767,"(5, 'pp', 'va')","(2, 'va', 'pp')","(1, 'pp', 'pp')","(1, 'pp', 'po')","(1, 'po', 'Tau')",,
768,"(2, 'sib', 'pp')","(1, 'pp', 'pp')","(1, 'pp', 'Tau')",,,,
769,"(2, 'sib', 'sib')","(2, 'sib', 'Tau')",,,,,
770,"(1, 'pp', 'Tau')",,,,,,
771,"(1, 'pp', 'va')","(2, 'va', 'Tau')",,,,,
772,"(1, 'po', 'va')","(2, 'va', 'va')","(2, 'va', 'Tau')",,,,
773,"(1, 'pp', 'pp')","(1, 'pp', 'pp')","(1, 'pp', 'Tau')",,,,
774,"(1, 'po', 'Tau')",,,,,,
775,"(2, 'sib', 'Tau')",,,,,,
776,"(2, 'sib', 'Tau')",,,,,,
777,"(1, 'po', 'va')","(2, 'va', 'pp')","(1, 'pp', 'pp')","(1, 'pp', 'pp')","(1, 'pp', 'po')","(1, 'po', 'Tau')",
778,"(2, 'sib', 'Tau')",,,,,,
779,"(2, 'sib', 'Tau')",,,,,,
780,"(2, 'po', 'Tau')",,,,,,
781,"(2, 'sib', 'Tau')",,,,,,
782,"(2, 'po', 'sib')","(2, 'sib', 'va')","(2, 'va', 'Tau')",,,,
783,"(2, 'va', 'pp')","(1, 'pp', 'pp')","(1, 'pp', 'po')","(2, 'po', 'Tau')",,,
784,"(2, 'va', 'pp')","(1, 'pp', 'Tau')",,,,,
785,"(2, 'po', 'va')","(2, 'va', 'va')","(2, 'va', 'va')","(2, 'va', 'sib')","(2, 'sib', 'sib')","(2, 'sib', 'va')","(2, 'va', 'va')"
786,"(1, 'pp', 'pp')","(1, 'pp', 'po')","(2, 'po', 'sib')","(2, 'sib', 'Tau')",,,
787,"(2, 'va', 'Tau')",,,,,,
788,"(2, 'po', 'pp')","(1, 'pp', 'Tau')",,,,,
789,"(2, 'sib', 'sib')","(2, 'sib', 'Tau')",,,,,
790,"(2, 'po', 'Tau')",,,,,,
791,"(1, 'pp', 'pp')","(1, 'pp', 'po')","(2, 'po', 'pp')","(1, 'pp', 'Tau')",,,
792,"(1, 'pp', 'Tau')",,,,,,
793,"(2, 'va', 'Tau')",,,,,,
794,"(2, 'sib', 'Tau')",,,,,,
795,"(2, 'po', 'Tau')",,,,,,
796,"(2, 'va', 'Tau')",,,,,,
797,"(2, 'va', 'va')","(2, 'va', 'va')","(2, 'va', 'pp')","(1, 'pp', 'Tau')",,,
798,"(2, 'va', 'va')","(2, 'va', 'va')","(2, 'va', 'Tau')",,,,
799,"(2, 'va', 'Tau')",,,,,,
800,"(2, 'va', 'pp')","(1, 'pp', 'pp')","(1, 'pp', 'pp')","(1, 'pp', 'sib')","(2, 'sib', 'sib')","(2, 'sib', 'va')","(2, 'va', 'Tau')"
801,"(2, 'sib', 'sib')","(2, 'sib', 'Tau')",,,,,
802,"(1, 'pp', 'po')","(1, 'po', 'po')","(1, 'po', 'Tau')",,,,
803,"(1, 'pp', 'po')","(1, 'po', 'Tau')",,,,,
804,"(1, 'pp', 'pp')","(1, 'pp', 'Tau')",,,,,
805,"(1, 'pp', 'po')","(1, 'po', 'Tau')",,,,,
806,"(2, 'sib', 'Tau')",,,,,,
807,"(2, 'sib', 'sib')","(2, 'sib', 'sib')","(2, 'sib', 'sib')","(2, 'sib', 'pp')","(1, 'pp', 'po')","(1, 'po', 'va')","(2, 'va', 'Tau')"
808,"(1, 'po', 'pp')","(1, 'pp', 'va')","(2, 'va', 'sib')","(2, 'sib', 'sib')","(2, 'sib', 'Tau')",,
809,"(1, 'pp', 'pp')","(1, 'pp', 'Tau')",,,,,
810,"(2, 'va', 'Tau')",,,,,,
811,"(1, 'po', 'Tau')",,,,,,
812,"(1, 'pp', 'pp')","(1, 'pp', 'pp')","(1, 'pp', 'pp')","(1, 'pp', 'Tau')",,,
813,"(2, 'sib', 'Tau')",,,,,,
814,"(2, 'va', 'Tau')",,,,,,
815,"(2, 'sib', 'sib')","(2, 'sib', 'po')","(1, 'po', 'Tau')",,,,
816,"(2, 'va', 'pp')","(1, 'pp', 'sib')","(5, 'sib', 'Tau')",,,,
817,"(1, 'po', 'Tau')",,,,,,
818,"(2, 'va', 'pp')","(1, 'pp', 'pp')","(1, 'pp', 'pp')","(1, 'pp', 'pp')","(1, 'pp', 'pp')","(1, 'pp', 'Tau')",
819,"(1, 'pp', 'Tau')",,,,,,
820,"(1, 'pp', 'pp')","(1, 'pp', 'Tau')",,,,,
821,"(2, 'po', 'pp')","(1, 'pp', 'Tau')",,,,,
822,"(2, 'po', 'pp')","(1, 'pp', 'Tau')",,,,,
823,"(2, 'sib', 'Tau')",,,,,,
824,"(2, 'po', 'pp')","(1, 'pp', 'pp')","(1, 'pp', 'pp')","(1, 'pp', 'Tau')",,,
825,"(2, 'sib', 'Tau')",,,,,,
826,"(2, 'va', 'Tau')",,,,,,
827,"(1, 'pp', 'va')","(2, 'va', 'Tau')",,,,,
828,"(2, 'po', 'Tau')",,,,,,
829,"(1, 'pp', 'pp')","(1, 'pp', 'Tau')",,,,,
830,"(2, 'va', 'va')","(2, 'va', 'Tau')",,,,,
831,"(1, 'pp', 'va')","(2, 'va', 'va')","(2, 'va', 'Tau')",,,,
832,"(1, 'pp', 'po')","(2, 'po', 'Tau')",,,,,
833,"(2, 'va', 'Tau')",,,,,,
834,"(1, 'pp', 'Tau')",,,,,,
835,"(2, 'po', 'Tau')",,,,,,
836,"(2, 'po', 'Tau')",,,,,,
837,"(2, 'sib', 'sib')","(2, 'sib', 'sib')","(2, 'sib', 'Tau')",,,,
838,"(2, 'po', 'va')","(2, 'va', 'Tau')",,,,,
839,"(2, 'sib', 'va')","(2, 'va', 'Tau')",,,,,
840,"(2, 'sib', 'Tau')",,,,,,
841,"(2, 'sib', 'Tau')",,,,,,
842,"(2, 'sib', 'sib')","(2, 'sib', 'Tau')",,,,,
843,"(2, 'sib', 'Tau')",,,,,,
844,"(2, 'va', 'pp')","(1, 'pp', 'po')","(2, 'po', 'Tau')",,,,
845,"(2, 'sib', 'va')","(2, 'va', 'va')","(2, 'va', 'pp')","(1, 'pp', 'Tau')",,,
846,"(2, 'po', 'Tau')",,,,,,
847,"(2, 'sib', 'Tau')",,,,,,
848,"(2, 'sib', 'Tau')",,,,,,
849,"(1, 'pp', 'po')","(2, 'po', 'Tau')",,,,,
850,"(1, 'pp', 'pp')","(1, 'pp', 'Tau')",,,,,
851,"(2, 'va', 'Tau')",,,,,,
852,"(2, 'va', 'Tau')",,,,,,
853,"(2, 'va', 'Tau')",,,,,,
854,"(1, 'pp', 'sib')","(2, 'sib', 'Tau')",,,,,
855,"(2, 'va', 'Tau')",,,,,,
856,"(1, 'pp', 'pp')","(1, 'pp', 'Tau')",,,,,
857,"(2, 'sib', 'sib')","(2, 'sib', 'sib')","(2, 'sib', 'sib')","(2, 'sib', 'sib')","(2, 'sib', 'Tau')",,
858,"(2, 'po', 'pp')","(1, 'pp', 'Tau')",,,,,
859,"(1, 'pp', 'va')","(2, 'va', 'sib')","(2, 'sib', 'pp')","(1, 'pp', 'Tau')",,,
860,"(1, 'pp', 'pp')","(1, 'pp', 'Tau')",,,,,
861,"(2, 'va', 'va')","(2, 'va', 'Tau')",,,,,
862,"(2, 'sib', 'sib')","(2, 'sib', 'sib')","(2, 'sib', 'sib')","(2, 'sib', 'Tau')",,,
863,"(2, 'po', 'Tau')",,,,,,
864,"(2, 'va', 'Tau')",,,,,,
865,"(2, 'va', 'Tau')",,,,,,
866,"(2, 'po', 'po')","(2, 'po', 'Tau')",,,,,
867,"(2, 'po', 'Tau')",,,,,,
868,"(2, 'po', 'Tau')",,,,,,
869,"(2, 'po', 'Tau')",,,,,,
870,"(1, 'pp', 'pp')","(1, 'pp', 'pp')","(1, 'pp', 'pp')","(1, 'pp', 'pp')","(1, 'pp', 'pp')","(1, 'pp', 'pp')","(1, 'pp', 'pp')"
871,"(1, 'pp', 'sib')","(2, 'sib', 'Tau')",,,,,
872,"(2, 'va', 'Tau')",,,,,,
873,"(2, 'va', 'po')","(2, 'po', 'sib')","(2, 'sib', 'po')","(2, 'po', 'Tau')",,,
874,"(2, 'sib', 'pp')","(1, 'pp', 'pp')","(1, 'pp', 'Tau')",,,,
875,"(2, 'sib', 'sib')","(2, 'sib', 'Tau')",,,,,
876,"(2, 'sib', 'sib')","(2, 'sib', 'Tau')",,,,,
877,"(2, 'po', 'Tau')",,,,,,
878,"(2, 'sib', 'pp')","(1, 'pp', 'pp')","(1, 'pp', 'pp')","(1, 'pp', 'va')","(2, 'va', 'Tau')",,
879,"(2, 'po', 'pp')","(1, 'pp', 'Tau')",,,,,
880,"(1, 'pp', 'po')","(2, 'po', 'Tau')",,,,,
881,"(1, 'pp', 'po')","(2, 'po', 'pp')","(1, 'pp', 'pp')","(1, 'pp', 'Tau')",,,
882,"(2, 'sib', 'Tau')",,,,,,
883,"(1, 'pp', 'pp')","(1, 'pp', 'pp')","(1, 'pp', 'pp')","(1, 'pp', 'Tau')",,,
884,"(1, 'pp', 'po')","(2, 'po', 'pp')","(1, 'pp', 'pp')","(1, 'pp', 'pp')","(1, 'pp', 'pp')","(1, 'pp', 'Tau')",
885,"(2, 'va', 'Tau')",,,,,,
886,"(2, 'va', 'pp')","(1, 'pp', 'po')","(2, 'po', 'Tau')",,,,
887,"(2, 'po', 'po')","(2, 'po', 'va')","(2, 'va', 'Tau')",,,,
888,"(1, 'pp', 'pp')","(1, 'pp', 'po')","(2, 'po', 'Tau')",,,,
889,"(2, 'va', 'va')","(2, 'va', 'po')","(2, 'po', 'po')","(2, 'po', 'Tau')",,,
890,"(2, 'po', 'Tau')",,,,,,
891,"(2, 'po', 'sib')","(2, 'sib', 'Tau')",,,,,
892,"(2, 'po', 'pp')","(1, 'pp', 'pp')","(1, 'pp', 'pp')","(1, 'pp', 'pp')","(1, 'pp', 'po')","(2, 'po', 'pp')","(1, 'pp', 'Tau')"
893,"(2, 'po', 'pp')","(1, 'pp', 'Tau')",,,,,
894,"(2, 'po', 'Tau')",,,,,,
895,"(1, 'pp', 'Tau')",,,,,,
896,"(1, 'pp', 'Tau')",,,,,,
897,"(1, 'pp', 'po')","(2, 'po', 'Tau')",,,,,
898,"(2, 'po', 'Tau')",,,,,,
899,"(1, 'pp', 'Tau')",,,,,,
900,"(1, 'pp', 'Tau')",,,,,,
901,"(2, 'po', 'va')","(2, 'va', 'va')","(2, 'va', 'Tau')",,,,
902,"(2, 'po', 'Tau')",,,,,,
903,"(2, 'po', 'Tau')",,,,,,
904,"(2, 'po', 'Tau')",,,,,,
905,"(2, 'va', 'sib')","(2, 'sib', 'sib')","(2, 'sib', 'pp')","(1, 'pp', 'Tau')",,,
906,"(2, 'sib', 'Tau')",,,,,,
907,"(2, 'sib', 'Tau')",,,,,,
908,"(1, 'pp', 'pp')","(1, 'pp', 'pp')","(1, 'pp', 'pp')","(1, 'pp', 'pp')","(1, 'pp', 'Tau')",,
909,"(1, 'pp', 'pp')","(1, 'pp', 'pp')","(1, 'pp', 'Tau')",,,,
910,"(2, 'po', 'pp')","(1, 'pp', 'po')","(2, 'po', 'po')","(2, 'po', 'Tau')",,,
911,"(2, 'va', 'Tau')",,,,,,
912,"(2, 'po', 'Tau')",,,,,,
913,"(2, 'po', 'Tau')",,,,,,
914,"(2, 'sib', 'sib')","(2, 'sib', 'Tau')",,,,,
915,"(1, 'pp', 'Tau')",,,,,,
916,"(1, 'pp', 'Tau')",,,,,,
917,"(1, 'pp', 'Tau')",,,,,,
918,"(2, 'va', 'Tau')",,,,,,
919,"(2, 'va', 'Tau')",,,,,,
920,"(1, 'pp', 'Tau')",,,,,,
921,"(2, 'va', 'Tau')",,,,,,
922,"(1, 'pp', 'pp')","(1, 'pp', 'Tau')",,,,,
923,"(1, 'pp', 'Tau')",,,,,,
924,"(2, 'va', 'Tau')",,,,,,
925,"(2, 'va', 'pp')","(1, 'pp', 'va')","(2, 'va', 'va')","(2, 'va', 'Tau')",,,
926,"(1, 'pp', 'Tau')",,,,,,
927,"(2, 'po', 'Tau')",,,,,,
928,"(2, 'sib', 'Tau')",,,,,,
929,"(2, 'va', 'Tau')",,,,,,
930,"(2, 'va', 'Tau')",,,,,,
931,"(1, 'pp', 'pp')","(1, 'pp', 'pp')","(1, 'pp', 'Tau')",,,,
932,"(2, 'po', 'Tau')",,,,,,
933,"(2, 'sib', 'Tau')",,,,,,
934,"(1, 'pp', 'po')","(2, 'po', 'po')","(2, 'po', 'pp')","(1, 'pp', 'Tau')",,,
935,"(2, 'va', 'Tau')",,,,,,
936,"(1, 'pp', 'po')","(2, 'po', 'pp')","(1, 'pp', 'pp')","(1, 'pp', 'pp')","(1, 'pp', 'Tau')",,
937,"(2, 'po', 'po')","(2, 'po', 'Tau')",,,,,
938,"(1, 'pp', 'Tau')",,,,,,
939,"(2, 'sib', 'Tau')",,,,,,
940,"(2, 'po', 'Tau')",,,,,,
941,"(2, 'po', 'Tau')",,,,,,
942,"(2, 'po', 'Tau')",,,,,,
943,"(2, 'sib', 'Tau')",,,,,,
944,"(1, 'pp', 'Tau')",,,,,,
945,"(2, 'sib', 'sib')","(2, 'sib', 'Tau')",,,,,
946,"(2, 'po', 'Tau')",,,,,,
947,"(2, 'va', 'Tau')",,,,,,
948,"(2, 'po', 'Tau')",,,,,,
949,"(2, 'po', 'pp')","(1, 'pp', 'po')","(2, 'po', 'pp')","(1, 'pp', 'Tau')",,,
950,"(1, 'pp', 'Tau')",,,,,,
951,"(1, 'pp', 'po')","(2, 'po', 'Tau')",,,,,
952,"(2, 'va', 'Tau')",,,,,,
953,"(2, 'va', 'pp')","(1, 'pp', 'Tau')",,,,,
954,"(1, 'pp', 'Tau')",,,,,,
955,"(2, 'sib', 'sib')","(2, 'sib', 'sib')","(2, 'sib', 'Tau')",,,,
956,"(2, 'sib', 'pp')","(1, 'pp', 'Tau')",,,,,
957,"(2, 'sib', 'pp')","(1, 'pp', 'Tau')",,,,,
958,"(1, 'pp', 'Tau')",,,,,,
959,"(1, 'pp', 'Tau')",,,,,,
960,"(2, 'po', 'Tau')",,,,,,
961,"(2, 'po', 'pp')","(1, 'pp', 'va')","(2, 'va', 'Tau')",,,,
962,"(2, 'po', 'Tau')",,,,,,
963,"(2, 'va', 'Tau')",,,,,,
964,"(2, 'sib', 'Tau')",,,,,,
965,"(2, 'va', 'Tau')",,,,,,
966,"(2, 'va', 'Tau')",,,,,,
967,"(2, 'sib', 'Tau')",,,,,,
968,"(1, 'pp', 'pp')","(1, 'pp', 'va')","(2, 'va', 'Tau')",,,,
969,"(2, 'po', 'sib')","(2, 'sib', 'Tau')",,,,,
970,"(2, 'po', 'pp')","(1, 'pp', 'po')","(2, 'po', 'pp')","(1, 'pp', 'Tau')",,,
971,"(2, 'po', 'pp')","(1, 'pp', 'po')","(2, 'po', 'Tau')",,,,
972,"(2, 'po', 'Tau')",,,,,,
973,"(1, 'pp', 'pp')","(1, 'pp', 'Tau')",,,,,
974,"(2, 'po', 'pp')","(1, 'pp', 'po')","(2, 'po', 'Tau')",,,,
975,"(2, 'sib', 'Tau')",,,,,,
976,"(2, 'sib', 'Tau')",,,,,,
977,"(1, 'pp', 'Tau')",,,,,,
978,"(2, 'po', 'pp')","(1, 'pp', 'sib')","(2, 'sib', 'Tau')",,,,
979,"(2, 'po', 'Tau')",,,,,,
980,"(5, 'pp', 'pp')","(1, 'pp', 'pp')","(1, 'pp', 'Tau')",,,,
981,"(1, 'pp', 'pp')","(1, 'pp', 'Tau')",,,,,
982,"(2, 'sib', 'Tau')",,,,,,
983,"(2, 'va', 'va')","(2, 'va', 'Tau')",,,,,
984,"(2, 'po', 'pp')","(1, 'pp', 'sib')","(2, 'sib', 'sib')","(2, 'sib', 'Tau')",,,
985,"(2, 'sib', 'sib')","(4, 'sib', 'Tau')",,,,,
986,"(2, 'va', 'va')","(2, 'va', 'Tau')",,,,,
987,"(1, 'pp', 'pp')","(1, 'pp', 'pp')","(1, 'pp', 'po')","(2, 'po', 'Tau')",,,
988,"(2, 'po', 'pp')","(1, 'pp', 'Tau')",,,,,
989,"(2, 'sib', 'sib')","(2, 'sib', 'sib')","(2, 'sib', 'Tau')",,,,
990,"(2, 'po', 'po')","(2, 'po', 'po')","(2, 'po', 'pp')","(1, 'pp', 'pp')","(1, 'pp', 'pp')","(1, 'pp', 'po')","(2, 'po', 'Tau')"
991,"(1, 'pp', 'po')","(1, 'po', 'pp')","(1, 'pp', 'pp')","(1, 'pp', 'pp')","(1, 'pp', 'Tau')",,
992,"(2, 'va', 'sib')","(2, 'sib', 'sib')","(2, 'sib', 'Tau')",,,,
993,"(2, 'sib', 'pp')","(1, 'pp', 'po')","(1, 'po', 'Tau')",,,,
994,"(2, 'va', 'Tau')",,,,,,
995,"(1, 'po', 'pp')","(1, 'pp', 'Tau')",,,,,
996,"(1, 'po', 'Tau')",,,,,,
997,"(1, 'po', 'Tau')",,,,,,
998,"(1, 'pp', 'Tau')",,,,,,
999,"(2, 'sib', 'Tau')",,,,,,
1000,"(1, 'po', 'po')","(1, 'po', 'va')","(2, 'va', 'Tau')",,,,
1001,"(1, 'po', 'pp')","(1, 'pp', 'pp')","(1, 'pp', 'Tau')",,,,
1002,"(2, 'sib', 'pp')","(1, 'pp', 'pp')","(1, 'pp', 'va')","(2, 'va', 'Tau')",,,
1003,"(2, 'sib', 'pp')","(1, 'pp', 'po')","(1, 'po', 'pp')","(1, 'pp', 'pp')","(1, 'pp', 'po')","(1, 'po', 'pp')","(1, 'pp', 'pp')"
1004,"(1, 'pp', 'pp')","(1, 'pp', 'pp')","(1, 'pp', 'pp')","(1, 'pp', 'pp')","(1, 'pp', 'pp')","(1, 'pp', 'Tau')",
1005,"(2, 'va', 'sib')","(2, 'sib', 'Tau')",,,,,
1006,"(1, 'po', 'po')","(1, 'po', 'va')","(2, 'va', 'Tau')",,,,
1007,"(2, 'va', 'Tau')",,,,,,
1008,"(1, 'po', 'pp')","(1, 'pp', 'Tau')",,,,,
1009,"(1, 'po', 'Tau')",,,,,,
1010,"(1, 'pp', 'pp')","(1, 'pp', 'pp')","(1, 'pp', 'pp')","(1, 'pp', 'pp')","(1, 'pp', 'po')","(1, 'po', 'Tau')",
1011,"(2, 'va', 'Tau')",,,,,,
1012,"(1, 'pp', 'pp')","(1, 'pp', 'Tau')",,,,,
1013,"(1, 'pp', 'pp')","(1, 'pp', 'po')","(1, 'po', 'Tau')",,,,
1014,"(1, 'po', 'Tau')",,,,,,
1015,"(2, 'va', 'po')","(1, 'po', 'Tau')",,,,,
1016,"(2, 'sib', 'Tau')",,,,,,
1017,"(2, 'va', 'sib')","(2, 'sib', 'Tau')",,,,,
1018,"(2, 'sib', 'sib')","(2, 'sib', 'va')","(2, 'va', 'Tau')",,,,
1019,"(2, 'sib', 'Tau')",,,,,,
1020,"(1, 'pp', 'po')","(1, 'po', 'pp')","(1, 'pp', 'Tau')",,,,
1021,"(1, 'po', 'va')","(2, 'va', 'pp')","(1, 'pp', 'Tau')",,,,
1022,"(2, 'sib', 'sib')","(2, 'sib', 'sib')","(2, 'sib', 'Tau')",,,,
1023,"(1, 'po', 'Tau')",,,,,,
1024,"(1, 'po', 'va')","(2, 'va', 'Tau')",,,,,
1025,"(2, 'sib', 'Tau')",,,,,,
1026,"(2, 'va', 'va')","(2, 'va', 'Tau')",,,,,
1027,"(1, 'pp', 'po')","(1, 'po', 'pp')","(2, 'pp', 'Tau')",,,,
1028,"(2, 'va', 'Tau')",,,,,,
1029,"(2, 'va', 'Tau')",,,,,,
1030,"(1, 'pp', 'pp')","(1, 'pp', 'pp')","(1, 'pp', 'po')","(1, 'po', 'Tau')",,,
1031,"(2, 'sib', 'sib')","(2, 'sib', 'sib')","(2, 'sib', 'Tau')",,,,
1032,"(2, 'sib', 'Tau')",,,,,,
1033,"(1, 'po', 'Tau')",,,,,,
1034,"(1, 'po', 'pp')","(1, 'pp', 'pp')","(1, 'pp', 'pp')","(1, 'pp', 'Tau')",,,
1035,"(2, 'va', 'pp')","(1, 'pp', 'pp')","(1, 'pp', 'pp')","(1, 'pp', 'Tau')",,,
1036,"(1, 'pp', 'pp')","(1, 'pp', 'pp')","(1, 'pp', 'Tau')",,,,
1037,"(2, 'sib', 'Tau')",,,,,,
1038,"(2, 'va', 'Tau')",,,,,,
1039,"(2, 'va', 'Tau')",,,,,,
1040,"(2, 'sib', 'sib')","(2, 'sib', 'Tau')",,,,,
1041,"(1, 'pp', 'pp')","(1, 'pp', 'pp')","(1, 'pp', 'Tau')",,,,
1042,"(1, 'pp', 'po')","(1, 'po', 'Tau')",,,,,
1043,"(2, 'va', 'va')","(2, 'va', 'Tau')",,,,,
1044,"(1, 'po', 'va')","(2, 'va', 'Tau')",,,,,
1045,"(2, 'sib', 'Tau')",,,,,,
1046,"(1, 'pp', 'va')","(2, 'va', 'va')","(2, 'va', 'Tau')",,,,
1047,"(1, 'po', 'va')","(2, 'va', 'sib')","(2, 'sib', 'sib')","(2, 'sib', 'pp')","(1, 'pp', 'Tau')",,
1048,"(1, 'pp', 'pp')","(1, 'pp', 'Tau')",,,,,
1049,"(2, 'sib', 'Tau')",,,,,,
1050,"(1, 'po', 'Tau')",,,,,,
1051,"(2, 'va', 'pp')","(1, 'pp', 'Tau')",,,,,
1052,"(1, 'po', 'Tau')",,,,,,
1053,"(2, 'sib', 'sib')","(2, 'sib', 'Tau')",,,,,
1054,"(1, 'po', 'po')","(1, 'po', 'pp')","(1, 'pp', 'pp')","(1, 'pp', 'pp')","(1, 'pp', 'Tau')",,
1055,"(2, 'va', 'sib')","(2, 'sib', 'Tau')",,,,,
1056,"(2, 'sib', 'sib')","(2, 'sib', 'Tau')",,,,,
1057,"(2, 'sib', 'sib')","(2, 'sib', 'pp')","(1, 'pp', 'po')","(2, 'po', 'va')","(2, 'va', 'sib')","(2, 'sib', 'Tau')",
1058,"(2, 'po', 'Tau')",,,,,,
1059,"(2, 'va', 'Tau')",,,,,,
1060,"(2, 'va', 'Tau')",,,,,,
1061,"(1, 'pp', 'Tau')",,,,,,
1062,"(2, 'po', 'Tau')",,,,,,
1063,"(2, 'va', 'Tau')",,,,,,
1064,"(2, 'po', 'sib')","(3, 'sib', 'pp')","(1, 'pp', 'pp')","(1, 'pp', 'Tau')",,,
1065,"(2, 'va', 'va')","(2, 'va', 'Tau')",,,,,
1066,"(2, 'po', 'pp')","(1, 'pp', 'Tau')",,,,,
1067,"(2, 'po', 'pp')","(1, 'pp', 'va')","(2, 'va', 'Tau')",,,,
1068,"(2, 'va', 'va')","(2, 'va', 'Tau')",,,,,
1069,"(2, 'sib', 'Tau')",,,,,,
1070,"(2, 'va', 'pp')","(1, 'pp', 'pp')","(1, 'pp', 'pp')","(1, 'pp', 'pp')","(1, 'pp', 'pp')","(1, 'pp', 'Tau')",
1071,"(2, 'po', 'po')","(2, 'po', 'Tau')",,,,,
1072,"(2, 'va', 'Tau')",,,,,,
1073,"(2, 'sib', 'Tau')",,,,,,
1074,"(2, 'va', 'pp')","(1, 'pp', 'Tau')",,,,,
1075,"(2, 'sib', 'Tau')",,,,,,
1076,"(1, 'pp', 'pp')","(1, 'pp', 'pp')","(1, 'pp', 'Tau')",,,,
1077,"(2, 'va', 'Tau')",,,,,,
1078,"(1, 'pp', 'po')","(2, 'po', 'va')","(2, 'va', 'pp')","(1, 'pp', 'po')","(2, 'po', 'Tau')",,
1079,"(1, 'pp', 'Tau')",,,,,,
1080,"(2, 'po', 'pp')","(1, 'pp', 'Tau')",,,,,
1081,"(2, 'po', 'sib')","(2, 'sib', 'Tau')",,,,,
1082,"(2, 'sib', 'Tau')",,,,,,
1083,"(2, 'po', 'va')","(2, 'va', 'Tau')",,,,,
1084,"(2, 'po', 'po')","(2, 'po', 'pp')","(1, 'pp', 'pp')","(1, 'pp', 'pp')","(1, 'pp', 'Tau')",,
1085,"(2, 'po', 'po')","(2, 'po', 'pp')","(1, 'pp', 'Tau')",,,,
1086,"(1, 'pp', 'po')","(2, 'po', 'pp')","(1, 'pp', 'pp')","(1, 'pp', 'po')","(1, 'po', 'Tau')",,
1087,"(2, 'sib', 'Tau')",,,,,,
1088,"(1, 'pp', 'Tau')",,,,,,
1089,"(2, 'sib', 'pp')","(1, 'pp', 'pp')","(1, 'pp', 'pp')","(1, 'pp', 'pp')","(1, 'pp', 'Tau')",,
1090,"(2, 'va', 'Tau')",,,,,,
1091,"(2, 'va', 'Tau')",,,,,,
1092,"(1, 'po', 'po')","(1, 'po', 'po')","(1, 'po', 'pp')","(1, 'pp', 'Tau')",,,
1093,"(1, 'pp', 'Tau')",,,,,,
1094,"(2, 'sib', 'sib')","(2, 'sib', 'pp')","(3, 'pp', 'pp')","(1, 'pp', 'pp')","(1, 'pp', 'pp')","(1, 'pp', 'va')","(2, 'va', 'va')"
1095,"(1, 'pp', 'Tau')",,,,,,
1096,"(2, 'sib', 'sib')","(2, 'sib', 'Tau')",,,,,
1097,"(2, 'sib', 'Tau')",,,,,,
1098,"(1, 'pp', 'Tau')",,,,,,
1099,"(2, 'va', 'Tau')",,,,,,
1100,"(2, 'sib', 'Tau')",,,,,,
1101,"(2, 'va', 'Tau')",,,,,,
1102,"(1, 'pp', 'pp')","(1, 'pp', 'pp')","(1, 'pp', 'Tau')",,,,
1103,"(1, 'po', 'pp')","(1, 'pp', 'Tau')",,,,,
1104,"(1, 'pp', 'Tau')",,,,,,
1105,"(1, 'po', 'Tau')",,,,,,
1106,"(2, 'va', 'po')","(1, 'po', 'Tau')",,,,,
1107,"(1, 'pp', 'pp')","(1, 'pp', 'Tau')",,,,,
1108,"(2, 'sib', 'va')","(2, 'va', 'Tau')",,,,,
1109,"(1, 'pp', 'Tau')",,,,,,
1110,"(1, 'pp', 'pp')","(1, 'pp', 'Tau')",,,,,
1111,"(1, 'pp', 'Tau')",,,,,,
1112,"(2, 'va', 'Tau')",,,,,,
1113,"(2, 'va', 'pp')","(1, 'pp', 'Tau')",,,,,
1114,"(1, 'pp', 'Tau')",,,,,,
1115,"(2, 'va', 'Tau')",,,,,,
1116,"(2, 'sib', 'va')","(2, 'va', 'Tau')",,,,,
1117,"(1, 'po', 'Tau')",,,,,,
1118,"(1, 'pp', 'po')","(1, 'po', 'po')","(1, 'po', 'pp')","(1, 'pp', 'va')","(2, 'va', 'Tau')",,
1119,"(2, 'sib', 'Tau')",,,,,,
1120,"(1, 'pp', 'Tau')",,,,,,
1121,"(1, 'po', 'Tau')",,,,,,
1122,"(2, 'sib', 'sib')","(3, 'sib', 'sib')","(2, 'sib', 'Tau')",,,,
1123,"(1, 'pp', 'Tau')",,,,,,
1124,"(1, 'pp', 'Tau')",,,,,,
1125,"(1, 'pp', 'pp')","(1, 'pp', 'pp')","(1, 'pp', 'Tau')",,,,
1126,"(2, 'sib', 'sib')","(2, 'sib', 'Tau')",,,,,
1127,"(1, 'pp', 'pp')","(1, 'pp', 'po')","(1, 'po', 'Tau')",,,,
1128,"(1, 'pp', 'pp')","(1, 'pp', 'va')","(2, 'va', 'Tau')",,,,
1129,"(1, 'pp', 'Tau')",,,,,,
1130,"(2, 'sib', 'Tau')",,,,,,
1131,"(2, 'va', 'pp')","(1, 'pp', 'pp')","(1, 'pp', 'Tau')",,,,
1132,"(2, 'sib', 'sib')","(2, 'sib', 'Tau')",,,,,
1133,"(1, 'pp', 'pp')","(1, 'pp', 'po')","(1, 'po', 'pp')","(1, 'pp', 'Tau')",,,
1134,"(2, 'sib', 'Tau')",,,,,,
1135,"(2, 'sib', 'Tau')",,,,,,
1136,"(1, 'po', 'Tau')",,,,,,
1137,"(1, 'pp', 'Tau')",,,,,,
1138,"(2, 'va', 'sib')","(2, 'sib', 'sib')","(2, 'sib', 'Tau')",,,,
1139,"(1, 'po', 'va')","(2, 'va', 'va')","(2, 'va', 'va')","(2, 'va', 'va')","(2, 'va', 'pp')","(1, 'pp', 'Tau')",
1140,"(2, 'va', 'Tau')",,,,,,
1141,"(2, 'sib', 'sib')","(2, 'sib', 'sib')","(2, 'sib', 'Tau')",,,,
1142,"(2, 'po', 'Tau')",,,,,,
1143,"(2, 'po', 'Tau')",,,,,,
1144,"(1, 'pp', 'pp')","(1, 'pp', 'Tau')",,,,,
1145,"(1, 'pp', 'pp')","(1, 'pp', 'Tau')",,,,,
1146,"(2, 'va', 'Tau')",,,,,,
1147,"(2, 'sib', 'Tau')",,,,,,
1148,"(2, 'va', 'Tau')",,,,,,
1149,"(2, 'sib', 'Tau')",,,,,,
1150,"(2, 'po', 'Tau')",,,,,,
1151,"(2, 'va', 'Tau')",,,,,,
1152,"(2, 'po', 'pp')","(1, 'pp', 'Tau')",,,,,
1153,"(1, 'pp', 'va')","(2, 'va', 'Tau')",,,,,
1154,"(1, 'pp', 'Tau')",,,,,,
1155,"(2, 'sib', 'Tau')",,,,,,
1156,"(2, 'po', 'Tau')",,,,,,
1157,"(1, 'pp', 'pp')","(1, 'pp', 'po')","(2, 'po', 'Tau')",,,,
1158,"(1, 'pp', 'po')","(2, 'po', 'pp')","(1, 'pp', 'pp')","(1, 'pp', 'Tau')",,,
1159,"(1, 'pp', 'Tau')",,,,,,
1160,"(1, 'pp', 'pp')","(1, 'pp', 'pp')","(1, 'pp', 'pp')","(1, 'pp', 'pp')","(1, 'pp', 'pp')","(1, 'pp', 'pp')","(1, 'pp', 'Tau')"
1161,"(2, 'va', 'sib')","(2, 'sib', 'sib')","(2, 'sib', 'Tau')",,,,
1162,"(2, 'sib', 'Tau')",,,,,,
1163,"(2, 'po', 'Tau')",,,,,,
1164,"(1, 'pp', 'po')","(2, 'po', 'Tau')",,,,,
1165,"(2, 'po', 'va')","(2, 'va', 'va')","(2, 'va', 'Tau')",,,,
1166,"(1, 'pp', 'pp')","(1, 'pp', 'pp')","(1, 'pp', 'pp')","(1, 'pp', 'Tau')",,,
1167,"(2, 'sib', 'sib')","(2, 'sib', 'Tau')",,,,,
1168,"(1, 'pp', 'pp')","(1, 'pp', 'Tau')",,,,,
1169,"(2, 'sib', 'Tau')",,,,,,
1170,"(2, 'sib', 'Tau')",,,,,,
1171,"(2, 'sib', 'sib')","(2, 'sib', 'Tau')",,,,,
1172,"(2, 'po', 'po')","(2, 'po', 'Tau')",,,,,
1173,"(2, 'po', 'Tau')",,,,,,
1174,"(2, 'sib', 'Tau')",,,,,,
1175,"(2, 'va', 'va')","(2, 'va', 'va')","(2, 'va', 'pp')","(1, 'pp', 'Tau')",,,
1176,"(2, 'va', 'Tau')",,,,,,
1177,"(2, 'po', 'va')","(2, 'va', 'va')","(2, 'va', 'va')","(2, 'va', 'Tau')",,,
1178,"(2, 'po', 'Tau')",,,,,,
1179,"(1, 'pp', 'pp')","(1, 'pp', 'Tau')",,,,,
1180,"(2, 'sib', 'sib')","(2, 'sib', 'va')","(2, 'va', 'po')","(2, 'po', 'Tau')",,,
1181,"(2, 'po', 'Tau')",,,,,,
1182,"(2, 'po', 'sib')","(2, 'sib', 'sib')","(2, 'sib', 'Tau')",,,,
1183,"(2, 'po', 'Tau')",,,,,,
1184,"(1, 'pp', 'pp')","(1, 'pp', 'po')","(2, 'po', 'pp')","(1, 'pp', 'pp')","(1, 'pp', 'po')","(2, 'po', 'Tau')",
1185,"(1, 'pp', 'Tau')",,,,,,
1186,"(1, 'pp', 'Tau')",,,,,,
1187,"(2, 'va', 'Tau')",,,,,,
1188,"(2, 'po', 'Tau')",,,,,,
1189,"(2, 'po', 'Tau')",,,,,,
1190,"(2, 'po', 'pp')","(1, 'pp', 'po')","(2, 'po', 'pp')","(1, 'pp', 'va')","(2, 'va', 'pp')","(1, 'pp', 'va')","(2, 'va', 'Tau')"
1191,"(2, 'va', 'Tau')",,,,,,
1192,"(2, 'va', 'pp')","(1, 'pp', 'Tau')",,,,,
1193,"(1, 'pp', 'po')","(2, 'po', 'va')","(2, 'va', 'Tau')",,,,
1194,"(1, 'pp', 'Tau')",,,,,,
1195,"(2, 'sib', 'Tau')",,,,,,
1196,"(2, 'va', 'Tau')",,,,,,
1197,"(1, 'pp', 'sib')","(2, 'sib', 'sib')","(2, 'sib', 'pp')","(1, 'pp', 'pp')","(1, 'pp', 'pp')","(1, 'pp', 'po')","(2, 'po', 'Tau')"
1198,"(2, 'va', 'Tau')",,,,,,
1199,"(1, 'pp', 'po')","(2, 'po', 'pp')","(1, 'pp', 'Tau')",,,,
1200,"(2, 'va', 'Tau')",,,,,,
1201,"(2, 'sib', 'Tau')",,,,,,
1202,"(1, 'pp', 'Tau')",,,,,,
1203,"(2, 'va', 'po')","(2, 'po', 'Tau')",,,,,
1204,"(2, 'sib', 'sib')","(2, 'sib', 'Tau')",,,,,
1205,"(2, 'po', 'pp')","(1, 'pp', 'pp')","(1, 'pp', 'Tau')",,,,
1206,"(2, 'po', 'Tau')",,,,,,
1207,"(2, 'sib', 'pp')","(1, 'pp', 'pp')","(1, 'pp', 'Tau')",,,,
1208,"(1, 'pp', 'Tau')",,,,,,
1209,"(2, 'po', 'Tau')",,,,,,
1210,"(1, 'pp', 'Tau')",,,,,,
1211,"(2, 'sib', 'Tau')",,,,,,
1212,"(1, 'pp', 'va')","(2, 'va', 'pp')","(1, 'pp', 'pp')","(1, 'pp', 'pp')","(1, 'pp', 'po')","(1, 'po', 'Tau')",
1213,"(1, 'pp', 'po')","(1, 'po', 'pp')","(1, 'pp', 'Tau')",,,,
1214,"(2, 'va', 'Tau')",,,,,,
1215,"(1, 'pp', 'Tau')",,,,,,
1216,"(2, 'va', 'po')","(2, 'po', 'pp')","(1, 'pp', 'pp')","(1, 'pp', 'po')","(1, 'po', 'po')","(1, 'po', 'pp')","(1, 'pp', 'pp')"
1217,"(1, 'pp', 'pp')","(1, 'pp', 'pp')","(1, 'pp', 'Tau')",,,,
1218,"(1, 'pp', 'po')","(1, 'po', 'pp')","(1, 'pp', 'pp')","(1, 'pp', 'pp')","(1, 'pp', 'po')","(1, 'po', 'Tau')",
1219,"(1, 'po', 'Tau')",,,,,,
1220,"(2, 'sib', 'sib')","(2, 'sib', 'Tau')",,,,,
1221,"(2, 'sib', 'Tau')",,,,,,
1222,"(2, 'sib', 'Tau')",,,,,,
1223,"(1, 'po', 'po')","(1, 'po', 'pp')","(1, 'pp', 'Tau')",,,,
1224,"(2, 'sib', 'Tau')",,,,,,
1225,"(1, 'pp', 'po')","(1, 'po', 'Tau')",,,,,
1226,"(1, 'po', 'Tau')",,,,,,
1227,"(2, 'sib', 'va')","(2, 'va', 'sib')","(2, 'sib', 'Tau')",,,,
1228,"(2, 'sib', 'Tau')",,,,,,
1229,"(2, 'sib', 'Tau')",,,,,,
1230,"(2, 'va', 'Tau')",,,,,,
1231,"(1, 'pp', 'Tau')",,,,,,
1232,"(1, 'pp', 'pp')","(1, 'pp', 'pp')","(1, 'pp', 'pp')","(1, 'pp', 'po')","(1, 'po', 'Tau')",,
1233,"(1, 'pp', 'pp')","(1, 'pp', 'pp')","(1, 'pp', 'Tau')",,,,
1234,"(2, 'va', 'va')","(2, 'va', 'va')","(2, 'va', 'Tau')",,,,
1235,"(2, 'sib', 'Tau')",,,,,,
1236,"(1, 'po', 'Tau')",,,,,,
1237,"(1, 'pp', 'pp')","(1, 'pp', 'pp')","(1, 'pp', 'pp')","(1, 'pp', 'Tau')",,,
1238,"(2, 'sib', 'Tau')",,,,,,
1239,"(1, 'po', 'pp')","(1, 'pp', 'pp')","(1, 'pp', 'pp')","(1, 'pp', 'Tau')",,,
1240,"(2, 'va', 'Tau')",,,,,,
1241,"(0, 'sib', 'pp')","(1, 'pp', 'Tau')",,,,,
1242,"(1, 'po', 'pp')","(1, 'pp', 'Tau')",,,,,
1243,"(2, 'sib', 'Tau')",,,,,,
1244,"(1, 'pp', 'pp')","(1, 'pp', 'Tau')",,,,,
1245,"(1, 'pp', 'Tau')",,,,,,
1246,"(1, 'po', 'Tau')",,,,,,
1247,"(1, 'pp', 'pp')","(1, 'pp', 'Tau')",,,,,
1248,"(1, 'pp', 'sib')","(2, 'sib', 'Tau')",,,,,
1249,"(1, 'po', 'va')","(2, 'va', 'Tau')",,,,,
1250,"(1, 'pp', 'pp')","(1, 'pp', 'pp')","(1, 'pp', 'Tau')",,,,
1251,"(2, 'sib', 'va')","(2, 'va', 'Tau')",,,,,
1252,"(1, 'po', 'Tau')",,,,,,
1253,"(1, 'pp', 'po')","(1, 'po', 'po')","(1, 'po', 'Tau')",,,,
1254,"(2, 'sib', 'Tau')",,,,,,
1255,"(2, 'va', 'Tau')",,,,,,
1256,"(1, 'po', 'Tau')",,,,,,
1257,"(1, 'pp', 'po')","(1, 'po', 'pp')","(1, 'pp', 'Tau')",,,,
1258,"(2, 'sib', 'sib')","(2, 'sib', 'sib')","(2, 'sib', 'Tau')",,,,
1259,"(1, 'po', 'Tau')",,,,,,
1260,"(2, 'sib', 'Tau')",,,,,,
1261,"(2, 'va', 'Tau')",,,,,,
1262,"(2, 'va', 'va')","(2, 'va', 'Tau')",,,,,
1263,"(2, 'va', 'Tau')",,,,,,
1264,"(1, 'pp', 'po')","(1, 'po', 'pp')","(1, 'pp', 'po')","(1, 'po', 'po')","(1, 'po', 'pp')","(1, 'pp', 'pp')","(1, 'pp', 'Tau')"
1265,"(1, 'pp', 'Tau')",,,,,,
1266,"(3, 'sib', 'Tau')",,,,,,
1267,"(1, 'po', 'po')","(1, 'po', 'Tau')",,,,,
1268,"(1, 'po', 'Tau')",,,,,,
1269,"(2, 'va', 'sib')","(2, 'sib', 'Tau')",,,,,
1270,"(2, 'va', 'Tau')",,,,,,
1271,"(2, 'va', 'Tau')",,,,,,
1272,"(1, 'po', 'Tau')",,,,,,
1273,"(1, 'po', 'sib')","(2, 'sib', 'Tau')",,,,,
1274,"(2, 'va', 'Tau')",,,,,,
1275,"(2, 'va', 'Tau')",,,,,,
1276,"(2, 'va', 'pp')","(1, 'pp', 'Tau')",,,,,
1277,"(2, 'sib', 'sib')","(2, 'sib', 'Tau')",,,,,
1278,"(2, 'sib', 'Tau')",,,,,,
1279,"(1, 'pp', 'pp')","(1, 'pp', 'po')","(1, 'po', 'po')","(1, 'po', 'Tau')",,,
1280,"(1, 'pp', 'pp')","(1, 'pp', 'Tau')",,,,,
1281,"(2, 'va', 'Tau')",,,,,,
1282,"(2, 'sib', 'Tau')",,,,,,
1283,"(1, 'pp', 'pp')","(1, 'pp', 'Tau')",,,,,
1284,"(2, 'sib', 'sib')","(2, 'sib', 'Tau')",,,,,
1285,"(2, 'va', 'pp')","(1, 'pp', 'pp')","(1, 'pp', 'Tau')",,,,
1286,"(2, 'po', 'Tau')",,,,,,
1287,"(2, 'sib', 'Tau')",,,,,,
1288,"(2, 'va', 'Tau')",,,,,,
1289,"(2, 'sib', 'sib')","(2, 'sib', 'Tau')",,,,,
1290,"(1, 'pp', 'Tau')",,,,,,
1291,"(1, 'pp', 'pp')","(3, 'pp', 'pp')","(1, 'pp', 'po')","(2, 'po', 'Tau')",,,
1292,"(2, 'sib', 'Tau')",,,,,,
1293,"(1, 'pp', 'po')","(2, 'po', 'Tau')",,,,,
1294,"(2, 'sib', 'Tau')",,,,,,
1295,"(2, 'va', 'va')","(2, 'va', 'Tau')",,,,,
1296,"(2, 'po', 'va')","(2, 'va', 'va')","(2, 'va', 'va')","(2, 'va', 'pp')","(1, 'pp', 'pp')","(1, 'pp', 'pp')","(1, 'pp', 'pp')"
1297,"(1, 'pp', 'pp')","(1, 'pp', 'pp')","(1, 'pp', 'Tau')",,,,
1298,"(2, 'va', 'va')","(2, 'va', 'pp')","(1, 'pp', 'va')","(2, 'va', 'Tau')",,,
1299,"(2, 'po', 'Tau')",,,,,,
1300,"(6, 'sib', 'Tau')",,,,,,
1301,"(2, 'po', 'Tau')",,,,,,
1302,"(1, 'pp', 'pp')","(1, 'pp', 'po')","(2, 'po', 'Tau')",,,,
1303,"(2, 'sib', 'Tau')",,,,,,
1304,"(2, 'po', 'Tau')",,,,,,
1305,"(2, 'sib', 'Tau')",,,,,,
1306,"(2, 'sib', 'Tau')",,,,,,
1307,"(2, 'va', 'Tau')",,,,,,
1308,"(2, 'sib', 'sib')","(2, 'sib', 'Tau')",,,,,
1309,"(2, 'po', 'pp')","(1, 'pp', 'pp')","(1, 'pp', 'po')","(2, 'po', 'Tau')",,,
1310,"(2, 'po', 'Tau')",,,,,,
1311,"(2, 'va', 'Tau')",,,,,,
1312,"(1, 'pp', 'Tau')",,,,,,
1313,"(2, 'sib', 'sib')","(2, 'sib', 'sib')","(2, 'sib', 'sib')","(2, 'sib', 'Tau')",,,
1314,"(2, 'va', 'Tau')",,,,,,
1315,"(2, 'po', 'Tau')",,,,,,
1316,"(2, 'va', 'Tau')",,,,,,
1317,"(1, 'pp', 'va')","(2, 'va', 'Tau')",,,,,
1318,"(1, 'pp', 'Tau')",,,,,,
1319,"(2, 'po', 'Tau')",,,,,,
1320,"(2, 'po', 'Tau')",,,,,,
1321,"(2, 'sib', 'Tau')",,,,,,
1322,"(1, 'pp', 'pp')","(1, 'pp', 'pp')","(1, 'pp', 'pp')","(1, 'pp', 'pp')","(1, 'pp', 'Tau')",,
1323,"(2, 'sib', 'sib')","(2, 'sib', 'Tau')",,,,,
1324,"(2, 'po', 'Tau')",,,,,,
1325,"(1, 'pp', 'Tau')",,,,,,
1326,"(1, 'pp', 'pp')","(1, 'pp', 'pp')","(1, 'pp', 'Tau')",,,,
1327,"(2, 'sib', 'Tau')",,,,,,
1328,"(1, 'pp', 'Tau')",,,,,,
1329,"(2, 'va', 'pp')","(1, 'pp', 'Tau')",,,,,
1330,"(2, 'sib', 'Tau')",,,,,,
1331,"(1, 'pp', 'pp')","(1, 'pp', 'pp')","(1, 'pp', 'pp')","(1, 'pp', 'Tau')",,,
1332,"(2, 'sib', 'sib')","(2, 'sib', 'sib')","(2, 'sib', 'Tau')",,,,
1333,"(1, 'pp', 'Tau')",,,,,,
1334,"(2, 'sib', 'Tau')",,,,,,
1335,"(2, 'sib', 'Tau')",,,,,,
1336,"(2, 'po', 'Tau')",,,,,,
1337,"(2, 'sib', 'sib')","(2, 'sib', 'Tau')",,,,,
1338,"(2, 'sib', 'sib')","(2, 'sib', 'Tau')",,,,,
1339,"(2, 'sib', 'Tau')",,,,,,
1340,"(1, 'pp', 'pp')","(1, 'pp', 'pp')","(1, 'pp', 'Tau')",,,,
1341,"(2, 'sib', 'Tau')",,,,,,
1342,"(2, 'po', 'sib')","(2, 'sib', 'Tau')",,,,,
1343,"(1, 'pp', 'pp')","(1, 'pp', 'Tau')",,,,,
1344,"(1, 'pp', 'Tau')",,,,,,
1345,"(2, 'sib', 'sib')","(2, 'sib', 'pp')","(1, 'pp', 'pp')","(1, 'pp', 'sib')","(2, 'sib', 'pp')","(1, 'pp', 'Tau')",
1346,"(2, 'va', 'Tau')",,,,,,
1347,"(1, 'pp', 'po')","(2, 'po', 'pp')","(1, 'pp', 'Tau')",,,,
1348,"(2, 'sib', 'sib')","(2, 'sib', 'Tau')",,,,,
1349,"(2, 'va', 'sib')","(2, 'sib', 'Tau')",,,,,
1350,"(1, 'pp', 'pp')","(1, 'pp', 'po')","(2, 'po', 'Tau')",,,,
1351,"(2, 'po', 'sib')","(2, 'sib', 'Tau')",,,,,
1352,"(2, 'po', 'Tau')",,,,,,
1353,"(1, 'pp', 'pp')","(1, 'pp', 'Tau')",,,,,
1354,"(2, 'va', 'va')","(2, 'va', 'Tau')",,,,,
1355,"(2, 'sib', 'va')","(2, 'va', 'Tau')",,,,,
1356,"(2, 'va', 'va')","(2, 'va', 'Tau')",,,,,
1357,"(2, 'po', 'Tau')",,,,,,
1358,"(2, 'sib', 'Tau')",,,,,,
1359,"(2, 'po', 'Tau')",,,,,,
1360,"(2, 'po', 'sib')","(2, 'sib', 'Tau')",,,,,
1361,"(2, 'po', 'pp')","(1, 'pp', 'po')","(2, 'po', 'va')","(2, 'va', 'va')","(2, 'va', 'va')","(2, 'va', 'Tau')",
1362,"(2, 'po', 'Tau')",,,,,,
1363,"(1, 'pp', 'Tau')",,,,,,
1364,"(1, 'pp', 'Tau')",,,,,,
1365,"(2, 'va', 'Tau')",,,,,,
1366,"(2, 'va', 'Tau')",,,,,,
1367,"(2, 'po', 'pp')","(1, 'pp', 'pp')","(1, 'pp', 'Tau')",,,,
1368,"(2, 'po', 'Tau')",,,,,,
1369,"(2, 'va', 'va')","(2, 'va', 'Tau')",,,,,
1370,"(2, 'sib', 'Tau')",,,,,,
1371,"(2, 'va', 'sib')","(2, 'sib', 'sib')","(2, 'sib', 'sib')","(2, 'sib', 'Tau')",,,
1372,"(1, 'pp', 'Tau')",,,,,,
1373,"(1, 'pp', 'Tau')",,,,,,
1374,"(1, 'pp', 'pp')","(1, 'pp', 'Tau')",,,,,
1375,"(1, 'pp', 'Tau')",,,,,,
1376,"(1, 'pp', 'Tau')",,,,,,
1377,"(1, 'pp', 'pp')","(1, 'pp', 'pp')","(1, 'pp', 'pp')","(1, 'pp', 'po')","(2, 'po', 'va')","(2, 'va', 'Tau')",
1378,"(2, 'po', 'va')","(2, 'va', 'Tau')",,,,,
1379,"(2, 'va', 'Tau')",,,,,,
1380,"(1, 'pp', 'Tau')",,,,,,
1381,"(2, 'po', 'Tau')",,,,,,
1382,"(2, 'po', 'va')","(2, 'va', 'pp')","(1, 'pp', 'po')","(2, 'po', 'va')","(2, 'va', 'Tau')",,
1383,"(2, 'po', 'pp')","(1, 'pp', 'Tau')",,,,,
1384,"(1, 'pp', 'pp')","(1, 'pp', 'Tau')",,,,,
1385,"(1, 'pp', 'pp')","(1, 'pp', 'po')","(2, 'po', 'pp')","(1, 'pp', 'po')","(2, 'po', 'Tau')",,
1386,"(2, 'va', 'Tau')",,,,,,
1387,"(2, 'va', 'Tau')",,,,,,
1388,"(2, 'sib', 'Tau')",,,,,,
1389,"(2, 'po', 'Tau')",,,,,,
1390,"(2, 'po', 'pp')","(1, 'pp', 'Tau')",,,,,
1391,"(2, 'sib', 'Tau')",,,,,,
1392,"(2, 'va', 'Tau')",,,,,,
1393,"(2, 'va', 'Tau')",,,,,,
1394,"(2, 'sib', 'Tau')",,,,,,
1395,"(2, 'po', 'Tau')",,,,,,
1396,"(2, 'va', 'va')","(2, 'va', 'Tau')",,,,,
1397,"(2, 'po', 'pp')","(1, 'pp', 'po')","(2, 'po', 'Tau')",,,,
1398,"(1, 'pp', 'pp')","(1, 'pp', 'pp')","(1, 'pp', 'po')","(2, 'po', 'Tau')",,,
1399,"(2, 'po', 'Tau')",,,,,,
1400,"(1, 'pp', 'pp')","(1, 'pp', 'po')","(2, 'po', 'Tau')",,,,
1401,"(1, 'pp', 'pp')","(1, 'pp', 'Tau')",,,,,
1402,"(2, 'sib', 'sib')","(2, 'sib', 'Tau')",,,,,
1403,"(2, 'po', 'Tau')",,,,,,
1404,"(2, 'va', 'Tau')",,,,,,
1405,"(1, 'pp', 'po')","(2, 'po', 'po')","(2, 'po', 'Tau')",,,,
1406,"(2, 'va', 'va')","(2, 'va', 'pp')","(1, 'pp', 'pp')","(1, 'pp', 'pp')","(1, 'pp', 'pp')","(1, 'pp', 'Tau')",
1407,"(1, 'pp', 'pp')","(1, 'pp', 'Tau')",,,,,
1408,"(2, 'po', 'Tau')",,,,,,
1409,"(1, 'pp', 'po')","(2, 'po', 'pp')","(1, 'pp', 'Tau')",,,,
1410,"(2, 'sib', 'Tau')",,,,,,
1411,"(2, 'sib', 'po')","(2, 'po', 'va')","(2, 'va', 'pp')","(1, 'pp', 'po')","(2, 'po', 'Tau')",,
1412,"(2, 'sib', 'va')","(2, 'va', 'pp')","(1, 'pp', 'pp')","(1, 'pp', 'po')","(2, 'po', 'sib')","(2, 'sib', 'Tau')",
1413,"(2, 'va', 'va')","(2, 'va', 'Tau')",,,,,
1414,"(2, 'va', 'Tau')",,,,,,
1415,"(2, 'sib', 'Tau')",,,,,,
1416,"(1, 'pp', 'po')","(2, 'po', 'Tau')",,,,,
1417,"(2, 'va', 'sib')","(2, 'sib', 'Tau')",,,,,
1418,"(2, 'sib', 'Tau')",,,,,,
1419,"(2, 'po', 'Tau')",,,,,,
1420,"(1, 'pp', 'po')","(2, 'po', 'Tau')",,,,,
1421,"(1, 'pp', 'Tau')",,,,,,
1422,"(2, 'va', 'va')","(2, 'va', 'Tau')",,,,,
1423,"(2, 'va', 'Tau')",,,,,,
1424,"(2, 'po', 'Tau')",,,,,,
1425,"(2, 'va', 'pp')","(1, 'pp', 'po')","(2, 'po', 'Tau')",,,,
1426,"(2, 'va', 'Tau')",,,,,,
1427,"(2, 'va', 'pp')","(1, 'pp', 'po')","(2, 'po', 'Tau')",,,,
1428,"(2, 'va', 'Tau')",,,,,,
1429,"(2, 'po', 'Tau')",,,,,,
1430,"(2, 'va', 'Tau')",,,,,,
1431,"(2, 'va', 'Tau')",,,,,,
1432,"(2, 'sib', 'sib')","(2, 'sib', 'sib')","(2, 'sib', 'po')","(2, 'po', 'Tau')",,,
1433,"(2, 'va', 'va')","(2, 'va', 'pp')","(1, 'pp', 'Tau')",,,,
1434,"(1, 'pp', 'Tau')",,,,,,
1435,"(1, 'pp', 'pp')","(2, 'pp', 'pp')","(1, 'pp', 'po')","(2, 'po', 'pp')","(1, 'pp', 'Tau')",,
1436,"(1, 'pp', 'pp')","(1, 'pp', 'Tau')",,,,,
1437,"(1, 'pp', 'pp')","(1, 'pp', 'pp')","(1, 'pp', 'pp')","(1, 'pp', 'Tau')",,,
1438,"(1, 'pp', 'pp')","(1, 'pp', 'pp')","(1, 'pp', 'po')","(2, 'po', 'po')","(2, 'po', 'Tau')",,
1439,"(2, 'va', 'sib')","(2, 'sib', 'Tau')",,,,,
1440,"(2, 'sib', 'sib')","(2, 'sib', 'va')","(2, 'va', 'sib')","(2, 'sib', 'pp')","(1, 'pp', 'Tau')",,
1441,"(2, 'sib', 'sib')","(2, 'sib', 'Tau')",,,,,
1442,"(2, 'sib', 'Tau')",,,,,,
1443,"(1, 'pp', 'pp')","(1, 'pp', 'pp')","(1, 'pp', 'Tau')",,,,
1444,"(2, 'sib', 'Tau')",,,,,,
1445,"(1, 'pp', 'Tau')",,,,,,
1446,"(1, 'pp', 'po')","(2, 'po', 'po')","(2, 'po', 'Tau')",,,,
1447,"(2, 'po', 'Tau')",,,,,,
1448,"(2, 'sib', 'pp')","(1, 'pp', 'Tau')",,,,,
1449,"(2, 'po', 'Tau')",,,,,,
1450,"(2, 'va', 'sib')","(2, 'sib', 'Tau')",,,,,
1451,"(2, 'po', 'pp')","(1, 'pp', 'po')","(2, 'po', 'sib')","(2, 'sib', 'Tau')",,,
1452,"(1, 'pp', 'po')","(2, 'po', 'va')","(2, 'va', 'Tau')",,,,
1453,"(1, 'pp', 'Tau')",,,,,,
1454,"(1, 'pp', 'po')","(2, 'po', 'pp')","(1, 'pp', 'pp')","(1, 'pp', 'pp')","(1, 'pp', 'pp')","(1, 'pp', 'Tau')",
1455,"(2, 'po', 'Tau')",,,,,,
1456,"(2, 'po', 'Tau')",,,,,,
1457,"(2, 'po', 'po')","(2, 'po', 'Tau')",,,,,
1458,"(2, 'va', 'Tau')",,,,,,
1459,"(2, 'sib', 'sib')","(2, 'sib', 'Tau')",,,,,
1460,"(2, 'sib', 'Tau')",,,,,,
1461,"(2, 'sib', 'sib')","(2, 'sib', 'Tau')",,,,,
1462,"(1, 'pp', 'po')","(2, 'po', 'Tau')",,,,,
1463,"(2, 'po', 'Tau')",,,,,,
1464,"(2, 'sib', 'va')","(2, 'va', 'va')","(2, 'va', 'sib')","(2, 'sib', 'sib')","(2, 'sib', 'pp')","(1, 'pp', 'po')","(2, 'po', 'Tau')"
1465,"(2, 'po', 'Tau')",,,,,,
1466,"(2, 'va', 'va')","(2, 'va', 'Tau')",,,,,
1467,"(1, 'pp', 'pp')","(1, 'pp', 'pp')","(1, 'pp', 'pp')","(1, 'pp', 'Tau')",,,
1468,"(2, 'po', 'Tau')",,,,,,
1469,"(2, 'va', 'pp')","(1, 'pp', 'pp')","(1, 'pp', 'pp')","(1, 'pp', 'pp')","(1, 'pp', 'pp')","(1, 'pp', 'pp')","(1, 'pp', 'po')"
1470,"(2, 'va', 'Tau')",,,,,,
1471,"(2, 'po', 'po')","(2, 'po', 'Tau')",,,,,
1472,"(1, 'pp', 'Tau')",,,,,,
1473,"(2, 'va', 'pp')","(1, 'pp', 'po')","(2, 'po', 'va')","(2, 'va', 'pp')","(1, 'pp', 'po')","(2, 'po', 'Tau')",
1474,"(2, 'va', 'pp')","(1, 'pp', 'Tau')",,,,,
1475,"(2, 'sib', 'sib')","(2, 'sib', 'Tau')",,,,,
1476,"(2, 'sib', 'sib')","(2, 'sib', 'sib')","(2, 'sib', 'sib')","(2, 'sib', 'po')","(2, 'po', 'va')","(2, 'va', 'Tau')",
1477,"(2, 'sib', 'Tau')",,,,,,
1478,"(2, 'po', 'Tau')",,,,,,
1479,"(1, 'pp', 'Tau')",,,,,,
1480,"(2, 'po', 'sib')","(2, 'sib', 'Tau')",,,,,
1481,"(2, 'po', 'Tau')",,,,,,
1482,"(2, 'po', 'va')","(2, 'va', 'Tau')",,,,,
1483,"(2, 'po', 'Tau')",,,,,,
1484,"(1, 'pp', 'Tau')",,,,,,
1485,"(2, 'va', 'Tau')",,,,,,
1486,"(1, 'pp', 'pp')","(1, 'pp', 'pp')","(1, 'pp', 'pp')","(1, 'pp', 'pp')","(1, 'pp', 'pp')","(1, 'pp', 'Tau')",
1487,"(2, 'sib', 'Tau')",,,,,,
1488,"(2, 'sib', 'sib')","(2, 'sib', 'po')","(2, 'po', 'Tau')",,,,
1489,"(2, 'sib', 'Tau')",,,,,,
1490,"(2, 'po', 'pp')","(1, 'pp', 'Tau')",,,,,
1491,"(1, 'pp', 'po')","(2, 'po', 'sib')","(2, 'sib', 'Tau')",,,,
1492,"(1, 'pp', 'Tau')",,,,,,
1493,"(1, 'pp', 'po')","(2, 'po', 'Tau')",,,,,
1494,"(2, 'sib', 'sib')","(2, 'sib', 'Tau')",,,,,
1495,"(2, 'va', 'Tau')",,,,,,
1496,"(2, 'va', 'Tau')",,,,,,
1497,"(1, 'pp', 'po')","(2, 'po', 'pp')","(1, 'pp', 'po')","(2, 'po', 'po')","(2, 'po', 'Tau')",,
1498,"(2, 'va', 'Tau')",,,,,,
1499,"(2, 'sib', 'pp')","(1, 'pp', 'pp')","(1, 'pp', 'pp')","(1, 'pp', 'po')","(2, 'po', 'Tau')",,
1500,"(2, 'sib', 'Tau')",,,,,,
1501,"(2, 'sib', 'Tau')",,,,,,
1502,"(1, 'pp', 'pp')","(1, 'pp', 'pp')","(1, 'pp', 'pp')","(1, 'pp', 'pp')","(1, 'pp', 'pp')","(1, 'pp', 'pp')","(1, 'pp', 'po')"
1503,"(1, 'pp', 'Tau')",,,,,,
1504,"(2, 'po', 'Tau')",,,,,,
1505,"(1, 'pp', 'pp')","(1, 'pp', 'pp')","(1, 'pp', 'po')","(2, 'po', 'Tau')",,,
1506,"(1, 'pp', 'po')","(2, 'po', 'sib')","(2, 'sib', 'sib')","(2, 'sib', 'Tau')",,,
1507,"(2, 'sib', 'Tau')",,,,,,
1508,"(2, 'po', 'po')","(2, 'po', 'po')","(2, 'po', 'pp')","(1, 'pp', 'po')","(2, 'po', 'po')","(2, 'po', 'pp')","(1, 'pp', 'pp')"
1509,"(2, 'po', 'Tau')",,,,,,
1510,"(2, 'va', 'va')","(2, 'va', 'Tau')",,,,,
1511,"(1, 'pp', 'po')","(2, 'po', 'Tau')",,,,,
1512,"(2, 'sib', 'sib')","(2, 'sib', 'Tau')",,,,,
1513,"(2, 'po', 'pp')","(1, 'pp', 'po')","(2, 'po', 'Tau')",,,,
1514,"(2, 'sib', 'Tau')",,,,,,
1515,"(2, 'sib', 'sib')","(2, 'sib', 'sib')","(2, 'sib', 'sib')","(2, 'sib', 'Tau')",,,
1516,"(2, 'sib', 'pp')","(1, 'pp', 'sib')","(2, 'sib', 'Tau')",,,,
1517,"(2, 'va', 'Tau')",,,,,,
1518,"(2, 'va', 'Tau')",,,,,,
1519,"(2, 'po', 'pp')","(1, 'pp', 'pp')","(1, 'pp', 'Tau')",,,,
1520,"(1, 'pp', 'pp')","(1, 'pp', 'po')","(2, 'po', 'Tau')",,,,
1521,"(2, 'sib', 'sib')","(2, 'sib', 'sib')","(2, 'sib', 'sib')","(2, 'sib', 'sib')","(2, 'sib', 'sib')","(2, 'sib', 'Tau')",
1522,"(2, 'va', 'sib')","(2, 'sib', 'sib')","(2, 'sib', 'Tau')",,,,
1523,"(2, 'va', 'va')","(2, 'va', 'Tau')",,,,,
1524,"(2, 'po', 'sib')","(2, 'sib', 'sib')","(2, 'sib', 'sib')","(2, 'sib', 'Tau')",,,
1525,"(2, 'sib', 'sib')","(2, 'sib', 'sib')","(2, 'sib', 'sib')","(2, 'sib', 'Tau')",,,
1526,"(2, 'va', 'pp')","(1, 'pp', 'po')","(2, 'po', 'Tau')",,,,
1527,"(2, 'va', 'sib')","(2, 'sib', 'va')","(2, 'va', 'pp')","(1, 'pp', 'pp')","(1, 'pp', 'Tau')",,
1528,"(1, 'pp', 'Tau')",,,,,,
1529,"(1, 'pp', 'Tau')",,,,,,
1530,"(2, 'po', 'Tau')",,,,,,
1531,"(5, 'sib', 'pp')","(1, 'pp', 'pp')","(1, 'pp', 'pp')","(1, 'pp', 'po')","(2, 'po', 'Tau')",,
1532,"(2, 'sib', 'va')","(2, 'va', 'Tau')",,,,,
1533,"(2, 'sib', 'pp')","(1, 'pp', 'sib')","(2, 'sib', 'pp')","(1, 'pp', 'pp')","(1, 'pp', 'pp')","(1, 'pp', 'po')","(2, 'po', 'Tau')"
1534,"(2, 'po', 'po')","(2, 'po', 'Tau')",,,,,
1535,"(2, 'po', 'po')","(2, 'po', 'Tau')",,,,,
1536,"(1, 'pp', 'pp')","(1, 'pp', 'po')","(2, 'po', 'Tau')",,,,
1537,"(1, 'pp', 'po')","(2, 'po', 'sib')","(2, 'sib', 'Tau')",,,,
1538,"(1, 'pp', 'Tau')",,,,,,
1539,"(1, 'pp', 'Tau')",,,,,,
1540,"(2, 'va', 'Tau')",,,,,,
1541,"(1, 'pp', 'po')","(2, 'po', 'Tau')",,,,,
1542,"(2, 'sib', 'Tau')",,,,,,
1543,"(2, 'va', 'Tau')",,,,,,
1544,"(1, 'pp', 'Tau')",,,,,,
1545,"(2, 'po', 'po')","(2, 'po', 'Tau')",,,,,
1546,"(2, 'va', 'Tau')",,,,,,
1547,"(2, 'po', 'pp')","(1, 'pp', 'pp')","(1, 'pp', 'po')","(2, 'po', 'Tau')",,,
1548,"(1, 'pp', 'Tau')",,,,,,
1549,"(2, 'po', 'sib')","(2, 'sib', 'Tau')",,,,,
1550,"(2, 'sib', 'Tau')",,,,,,
1551,"(2, 'va', 'Tau')",,,,,,
1552,"(1, 'pp', 'pp')","(1, 'pp', 'pp')","(1, 'pp', 'Tau')",,,,
1553,"(2, 'sib', 'Tau')",,,,,,
1554,"(2, 'po', 'Tau')",,,,,,
1555,"(1, 'pp', 'Tau')",,,,,,
1556,"(1, 'pp', 'po')","(2, 'po', 'Tau')",,,,,
1557,"(2, 'sib', 'sib')","(2, 'sib', 'Tau')",,,,,
1558,"(2, 'sib', 'po')","(2, 'po', 'Tau')",,,,,
1559,"(2, 'sib', 'Tau')",,,,,,
1560,"(2, 'po', 'sib')","(2, 'sib', 'sib')","(2, 'sib', 'Tau')",,,,
1561,"(2, 'va', 'va')","(2, 'va', 'Tau')",,,,,
1562,"(2, 'po', 'pp')","(1, 'pp', 'Tau')",,,,,
1563,"(2, 'po', 'pp')","(1, 'pp', 'po')","(2, 'po', 'Tau')",,,,
1564,"(2, 'po', 'Tau')",,,,,,
1565,"(2, 'sib', 'Tau')",,,,,,
1566,"(2, 'va', 'Tau')",,,,,,
1567,"(1, 'pp', 'pp')","(1, 'pp', 'pp')","(1, 'pp', 'Tau')",,,,
1568,"(1, 'pp', 'pp')","(1, 'pp', 'po')","(2, 'po', 'Tau')",,,,
1569,"(2, 'sib', 'Tau')",,,,,,
1570,"(2, 'po', 'va')","(2, 'va', 'va')","(2, 'va', 'pp')","(1, 'pp', 'po')","(2, 'po', 'po')","(2, 'po', 'Tau')",
1571,"(2, 'po', 'Tau')",,,,,,
1572,"(1, 'pp', 'Tau')",,,,,,
1573,"(2, 'sib', 'Tau')",,,,,,
1574,"(2, 'sib', 'sib')","(2, 'sib', 'Tau')",,,,,
1575,"(2, 'po', 'Tau')",,,,,,
1576,"(2, 'va', 'Tau')",,,,,,
1577,"(1, 'pp', 'po')","(2, 'po', 'po')","(2, 'po', 'Tau')",,,,
1578,"(1, 'pp', 'Tau')",,,,,,
1579,"(5, 'sib', 'sib')","(2, 'sib', 'Tau')",,,,,
1580,"(1, 'pp', 'po')","(2, 'po', 'Tau')",,,,,
1581,"(2, 'va', 'pp')","(1, 'pp', 'Tau')",,,,,
1582,"(2, 'sib', 'Tau')",,,,,,
1583,"(2, 'va', 'pp')","(1, 'pp', 'Tau')",,,,,
1584,"(2, 'va', 'va')","(2, 'va', 'Tau')",,,,,
1585,"(1, 'pp', 'pp')","(1, 'pp', 'pp')","(1, 'pp', 'po')","(2, 'po', 'Tau')",,,
1586,"(2, 'va', 'Tau')",,,,,,
1587,"(2, 'va', 'pp')","(1, 'pp', 'po')","(2, 'po', 'pp')","(1, 'pp', 'po')","(2, 'po', 'Tau')",,
1588,"(2, 'po', 'pp')","(1, 'pp', 'po')","(2, 'po', 'pp')","(1, 'pp', 'po')","(2, 'po', 'pp')","(1, 'pp', 'po')","(2, 'po', 'Tau')"
1589,"(2, 'sib', 'sib')","(2, 'sib', 'pp')","(1, 'pp', 'po')","(2, 'po', 'Tau')",,,
1590,"(2, 'sib', 'Tau')",,,,,,
1591,"(1, 'pp', 'Tau')",,,,,,
1592,"(2, 'va', 'Tau')",,,,,,
1593,"(2, 'va', 'Tau')",,,,,,
1594,"(2, 'sib', 'Tau')",,,,,,
1595,"(2, 'po', 'Tau')",,,,,,
1596,"(2, 'sib', 'sib')","(2, 'sib', 'sib')","(2, 'sib', 'sib')","(2, 'sib', 'Tau')",,,
1597,"(2, 'sib', 'Tau')",,,,,,
1598,"(2, 'va', 'pp')","(1, 'pp', 'Tau')",,,,,
1599,"(1, 'pp', 'Tau')",,,,,,
1600,"(2, 'po', 'sib')","(2, 'sib', 'sib')","(2, 'sib', 'sib')","(2, 'sib', 'Tau')",,,
1601,"(2, 'va', 'va')","(2, 'va', 'va')","(2, 'va', 'Tau')",,,,
1602,"(2, 'va', 'Tau')",,,,,,
1603,"(1, 'pp', 'Tau')",,,,,,
1604,"(2, 'va', 'pp')","(1, 'pp', 'Tau')",,,,,
1605,"(1, 'pp', 'po')","(2, 'po', 'pp')","(1, 'pp', 'Tau')",,,,
1606,"(2, 'va', 'va')","(2, 'va', 'va')","(2, 'va', 'Tau')",,,,
1607,"(1, 'pp', 'po')","(2, 'po', 'Tau')",,,,,
1608,"(1, 'pp', 'po')","(2, 'po', 'Tau')",,,,,
1609,"(2, 'sib', 'va')","(2, 'va', 'Tau')",,,,,
1610,"(1, 'pp', 'Tau')",,,,,,
1611,"(2, 'sib', 'Tau')",,,,,,
1612,"(2, 'va', 'va')","(2, 'va', 'Tau')",,,,,
1613,"(2, 'po', 'po')","(2, 'po', 'po')","(2, 'po', 'po')","(2, 'po', 'Tau')",,,
1614,"(1, 'pp', 'pp')","(1, 'pp', 'pp')","(1, 'pp', 'po')","(2, 'po', 'Tau')",,,
1615,"(2, 'po', 'pp')","(1, 'pp', 'pp')","(1, 'pp', 'sib')","(2, 'sib', 'pp')","(1, 'pp', 'po')","(2, 'po', 'Tau')",
1616,"(1, 'pp', 'Tau')",,,,,,
1617,"(1, 'pp', 'pp')","(1, 'pp', 'Tau')",,,,,
1618,"(2, 'va', 'Tau')",,,,,,
1619,"(2, 'po', 'Tau')",,,,,,
1620,"(1, 'pp', 'po')","(2, 'po', 'Tau')",,,,,
1621,"(1, 'pp', 'Tau')",,,,,,
1622,"(2, 'va', 'pp')","(1, 'pp', 'pp')","(1, 'pp', 'po')","(2, 'po', 'Tau')",,,
1623,"(1, 'pp', 'pp')","(1, 'pp', 'po')","(2, 'po', 'va')","(2, 'va', 'Tau')",,,
1624,"(2, 'po', 'po')","(2, 'po', 'Tau')",,,,,
1625,"(2, 'po', 'po')","(2, 'po', 'pp')","(1, 'pp', 'po')","(2, 'po', 'Tau')",,,
1626,"(1, 'pp', 'pp')","(1, 'pp', 'Tau')",,,,,
1627,"(2, 'va', 'Tau')",,,,,,
1628,"(2, 'sib', 'Tau')",,,,,,
1629,"(2, 'sib', 'pp')","(1, 'pp', 'po')","(2, 'po', 'Tau')",,,,
1630,"(2, 'po', 'sib')","(2, 'sib', 'pp')","(1, 'pp', 'pp')","(1, 'pp', 'Tau')",,,
1631,"(1, 'pp', 'pp')","(1, 'pp', 'po')","(2, 'po', 'va')","(2, 'va', 'Tau')",,,
1632,"(2, 'va', 'va')","(2, 'va', 'Tau')",,,,,
1633,"(2, 'va', 'Tau')",,,,,,
1634,"(1, 'pp', 'po')","(2, 'po', 'va')","(2, 'va', 'Tau')",,,,
1635,"(2, 'va', 'Tau')",,,,,,
1636,"(2, 'sib', 'Tau')",,,,,,
1637,"(2, 'va', 'Tau')",,,,,,
1638,"(2, 'va', 'Tau')",,,,,,
1639,"(2, 'po', 'va')","(2, 'va', 'Tau')",,,,,
1640,"(2, 'po', 'po')","(2, 'po', 'sib')","(2, 'sib', 'sib')","(2, 'sib', 'Tau')",,,
1641,"(2, 'po', 'Tau')",,,,,,
1642,"(2, 'po', 'Tau')",,,,,,
1643,"(2, 'sib', 'Tau')",,,,,,
1644,"(1, 'pp', 'pp')","(1, 'pp', 'pp')","(1, 'pp', 'pp')","(1, 'pp', 'pp')","(1, 'pp', 'pp')","(1, 'pp', 'Tau')",
1645,"(2, 'va', 'Tau')",,,,,,
1646,"(2, 'sib', 'Tau')",,,,,,
1647,"(2, 'sib', 'sib')","(2, 'sib', 'sib')","(2, 'sib', 'Tau')",,,,
1648,"(2, 'sib', 'sib')","(2, 'sib', 'sib')","(2, 'sib', 'sib')","(2, 'sib', 'Tau')",,,
1649,"(1, 'pp', 'pp')","(1, 'pp', 'po')","(2, 'po', 'Tau')",,,,
1650,"(2, 'po', 'Tau')",,,,,,
1651,"(1, 'pp', 'Tau')",,,,,,
1652,"(2, 'sib', 'Tau')",,,,,,
1653,"(2, 'po', 'sib')","(2, 'sib', 'pp')","(1, 'pp', 'po')","(2, 'po', 'va')","(2, 'va', 'va')","(2, 'va', 'Tau')",
1654,"(2, 'po', 'po')","(1, 'po', 'Tau')",,,,,
1655,"(2, 'po', 'Tau')",,,,,,
1656,"(1, 'pp', 'pp')","(1, 'pp', 'Tau')",,,,,
1657,"(1, 'pp', 'Tau')",,,,,,
1658,"(2, 'va', 'Tau')",,,,,,
1659,"(1, 'pp', 'Tau')",,,,,,
1660,"(2, 'va', 'Tau')",,,,,,
1661,"(2, 'va', 'va')","(2, 'va', 'va')","(2, 'va', 'pp')","(1, 'pp', 'po')","(2, 'po', 'Tau')",,
1662,"(1, 'pp', 'po')","(2, 'po', 'Tau')",,,,,
1663,"(2, 'po', 'po')","(2, 'po', 'Tau')",,,,,
1664,"(2, 'po', 'pp')","(1, 'pp', 'Tau')",,,,,
1665,"(1, 'pp', 'Tau')",,,,,,
1666,"(2, 'sib', 'sib')","(2, 'sib', 'Tau')",,,,,
1667,"(2, 'po', 'pp')","(1, 'pp', 'pp')","(1, 'pp', 'Tau')",,,,
1668,"(1, 'pp', 'pp')","(1, 'pp', 'po')","(2, 'po', 'Tau')",,,,
1669,"(2, 'sib', 'sib')","(2, 'sib', 'sib')","(2, 'sib', 'pp')","(1, 'pp', 'po')","(2, 'po', 'Tau')",,
1670,"(1, 'pp', 'po')","(0, 'po', 'Tau')",,,,,
1671,"(0, 'sib', 'po')","(2, 'po', 'Tau')",,,,,
1672,"(1, 'pp', 'Tau')",,,,,,
1673,"(2, 'po', 'Tau')",,,,,,
1674,"(2, 'sib', 'Tau')",,,,,,
1675,"(2, 'sib', 'Tau')",,,,,,
1676,"(2, 'po', 'Tau')",,,,,,
1677,"(1, 'pp', 'po')","(2, 'po', 'Tau')",,,,,
1678,"(2, 'va', 'Tau')",,,,,,
1679,"(2, 'sib', 'sib')","(2, 'sib', 'sib')","(2, 'sib', 'Tau')",,,,
1680,"(1, 'pp', 'pp')","(1, 'pp', 'pp')","(1, 'pp', 'Tau')",,,,
1681,"(2, 'sib', 'Tau')",,,,,,
1682,"(2, 'va', 'va')","(2, 'va', 'Tau')",,,,,
1683,"(1, 'pp', 'pp')","(1, 'pp', 'Tau')",,,,,
1684,"(2, 'sib', 'Tau')",,,,,,
1685,"(2, 'sib', 'sib')","(2, 'sib', 'sib')","(2, 'sib', 'Tau')",,,,
1686,"(2, 'sib', 'Tau')",,,,,,
1687,"(2, 'va', 'Tau')",,,,,,
1688,"(2, 'po', 'pp')","(1, 'pp', 'pp')","(1, 'pp', 'Tau')",,,,
1689,"(1, 'pp', 'po')","(2, 'po', 'Tau')",,,,,
1690,"(2, 'sib', 'Tau')",,,,,,
1691,"(2, 'po', 'Tau')",,,,,,
1692,"(2, 'sib', 'Tau')",,,,,,
1693,"(2, 'va', 'sib')","(2, 'sib', 'Tau')",,,,,
1694,"(2, 'sib', 'po')","(2, 'po', 'pp')","(1, 'pp', 'pp')","(1, 'pp', 'po')","(2, 'po', 'Tau')",,
1695,"(2, 'po', 'pp')","(1, 'pp', 'Tau')",,,,,
1696,"(2, 'po', 'Tau')",,,,,,
1697,"(1, 'pp', 'pp')","(1, 'pp', 'Tau')",,,,,
1698,"(2, 'va', 'va')","(2, 'va', 'pp')","(1, 'pp', 'Tau')",,,,
1699,"(2, 'va', 'Tau')",,,,,,
1700,"(2, 'sib', 'pp')","(1, 'pp', 'pp')","(1, 'pp', 'Tau')",,,,
1701,"(2, 'po', 'Tau')",,,,,,
1702,"(1, 'pp', 'pp')","(1, 'pp', 'pp')","(1, 'pp', 'po')","(2, 'po', 'Tau')",,,
1703,"(2, 'po', 'Tau')",,,,,,
1704,"(2, 'va', 'Tau')",,,,,,
1705,"(2, 'sib', 'Tau')",,,,,,
1706,"(2, 'po', 'po')","(2, 'po', 'pp')","(1, 'pp', 'Tau')",,,,
1707,"(2, 'po', 'sib')","(2, 'sib', 'Tau')",,,,,
1708,"(2, 'va', 'Tau')",,,,,,
1709,"(2, 'po', 'Tau')",,,,,,
1710,"(2, 'va', 'pp')","(1, 'pp', 'po')","(2, 'po', 'po')","(2, 'po', 'Tau')",,,
1711,"(2, 'sib', 'Tau')",,,,,,
1712,"(1, 'pp', 'pp')","(1, 'pp', 'Tau')",,,,,
1713,"(2, 'po', 'Tau')",,,,,,
1714,"(2, 'va', 'Tau')",,,,,,
1715,"(2, 'sib', 'sib')","(2, 'sib', 'Tau')",,,,,
1716,"(2, 'va', 'va')","(2, 'va', 'va')","(2, 'va', 'Tau')",,,,
1717,"(2, 'po', 'Tau')",,,,,,
1718,"(1, 'pp', 'pp')","(1, 'pp', 'pp')","(1, 'pp', 'po')","(2, 'po', 'pp')","(1, 'pp', 'pp')","(1, 'pp', 'po')","(2, 'po', 'sib')"
1719,"(2, 'va', 'po')","(2, 'po', 'va')","(2, 'va', 'pp')","(1, 'pp', 'Tau')",,,
1720,"(1, 'pp', 'sib')","(2, 'sib', 'Tau')",,,,,
1721,"(2, 'va', 'Tau')",,,,,,
1722,"(1, 'pp', 'pp')","(1, 'pp', 'po')","(2, 'po', 'Tau')",,,,
1723,"(2, 'sib', 'sib')","(2, 'sib', 'Tau')",,,,,
1724,"(2, 'va', 'pp')","(1, 'pp', 'Tau')",,,,,
1725,"(3, 'pp', 'pp')","(1, 'pp', 'pp')","(1, 'pp', 'po')","(2, 'po', 'va')","(2, 'va', 'sib')","(2, 'sib', 'sib')","(2, 'sib', 'sib')"
1726,"(2, 'po', 'va')","(2, 'va', 'Tau')",,,,,
1727,"(2, 'sib', 'Tau')",,,,,,
1728,"(2, 'po', 'pp')","(1, 'pp', 'Tau')",,,,,
1729,"(2, 'po', 'pp')","(4, 'pp', 'pp')","(1, 'pp', 'Tau')",,,,
1730,"(2, 'po', 'Tau')",,,,,,
1731,"(1, 'pp', 'pp')","(1, 'pp', 'Tau')",,,,,
1732,"(1, 'pp', 'Tau')",,,,,,
1733,"(1, 'pp', 'Tau')",,,,,,
1734,"(2, 'sib', 'pp')","(1, 'pp', 'pp')","(1, 'pp', 'Tau')",,,,
1735,"(2, 'va', 'Tau')",,,,,,
1736,"(1, 'pp', 'pp')","(1, 'pp', 'Tau')",,,,,
1737,"(1, 'pp', 'pp')","(1, 'pp', 'po')","(2, 'po', 'Tau')",,,,
1738,"(1, 'pp', 'pp')","(1, 'pp', 'po')","(2, 'po', 'po')","(2, 'po', 'Tau')",,,
1739,"(2, 'va', 'Tau')",,,,,,
1740,"(2, 'va', 'Tau')",,,,,,
1741,"(2, 'va', 'pp')","(1, 'pp', 'pp')","(1, 'pp', 'pp')","(1, 'pp', 'pp')","(1, 'pp', 'pp')","(5, 'pp', 'sib')","(2, 'sib', 'Tau')"
1742,"(2, 'sib', 'sib')","(2, 'sib', 'sib')","(2, 'sib', 'Tau')",,,,
1743,"(2, 'sib', 'Tau')",,,,,,
1744,"(2, 'va', 'pp')","(1, 'pp', 'Tau')",,,,,
1745,"(2, 'sib', 'va')","(2, 'va', 'pp')","(1, 'pp', 'Tau')",,,,
1746,"(2, 'po', 'Tau')",,,,,,
1747,"(2, 'po', 'va')","(2, 'va', 'va')","(2, 'va', 'Tau')",,,,
1748,"(2, 'sib', 'Tau')",,,,,,
1749,"(2, 'sib', 'sib')","(2, 'sib', 'Tau')",,,,,
1750,"(2, 'va', 'Tau')",,,,,,
1751,"(2, 'sib', 'pp')","(1, 'pp', 'po')","(2, 'po', 'Tau')",,,,
1752,"(1, 'pp', 'Tau')",,,,,,
1753,"(2, 'sib', 'Tau')",,,,,,
1754,"(2, 'sib', 'pp')","(1, 'pp', 'pp')","(1, 'pp', 'pp')","(1, 'pp', 'Tau')",,,
1755,"(2, 'va', 'pp')","(1, 'pp', 'po')","(2, 'po', 'Tau')",,,,
1756,"(2, 'va', 'Tau')",,,,,,
1757,"(2, 'po', 'Tau')",,,,,,
1758,"(2, 'po', 'pp')","(1, 'pp', 'pp')","(1, 'pp', 'po')","(2, 'po', 'pp')","(1, 'pp', 'po')","(2, 'po', 'Tau')",
1759,"(1, 'pp', 'pp')","(1, 'pp', 'pp')","(1, 'pp', 'Tau')",,,,
1760,"(2, 'po', 'pp')","(1, 'pp', 'Tau')",,,,,
1761,"(1, 'pp', 'pp')","(1, 'pp', 'pp')","(1, 'pp', 'Tau')",,,,
1762,"(2, 'sib', 'pp')","(1, 'pp', 'Tau')",,,,,
1763,"(2, 'po', 'pp')","(1, 'pp', 'Tau')",,,,,
1764,"(2, 'sib', 'Tau')",,,,,,
1765,"(1, 'pp', 'pp')","(1, 'pp', 'pp')","(1, 'pp', 'Tau')",,,,
1766,"(2, 'po', 'pp')","(1, 'pp', 'pp')","(1, 'pp', 'po')","(2, 'po', 'Tau')",,,
1767,"(2, 'po', 'Tau')",,,,,,
1768,"(1, 'pp', 'po')","(2, 'po', 'sib')","(2, 'sib', 'sib')","(2, 'sib', 'Tau')",,,
1769,"(2, 'sib', 'Tau')",,,,,,
1770,"(2, 'po', 'pp')","(1, 'pp', 'pp')","(1, 'pp', 'sib')","(2, 'sib', 'va')","(2, 'va', 'sib')","(2, 'sib', 'sib')","(2, 'sib', 'sib')"
1771,"(2, 'sib', 'pp')","(1, 'pp', 'pp')","(1, 'pp', 'po')","(2, 'po', 'Tau')",,,
1772,"(2, 'sib', 'Tau')",,,,,,
1773,"(2, 'sib', 'sib')","(2, 'sib', 'Tau')",,,,,
1774,"(2, 'va', 'pp')","(1, 'pp', 'pp')","(1, 'pp', 'Tau')",,,,
1775,"(2, 'va', 'Tau')",,,,,,
1776,"(2, 'sib', 'Tau')",,,,,,
1777,"(2, 'po', 'pp')","(1, 'pp', 'sib')","(2, 'sib', 'sib')","(2, 'sib', 'po')","(2, 'po', 'pp')","(1, 'pp', 'po')","(2, 'po', 'pp')"
1778,"(2, 'sib', 'sib')","(2, 'sib', 'sib')","(2, 'sib', 'Tau')",,,,
1779,"(2, 'va', 'pp')","(1, 'pp', 'Tau')",,,,,
1780,"(1, 'pp', 'pp')","(1, 'pp', 'Tau')",,,,,
1781,"(1, 'pp', 'pp')","(1, 'pp', 'pp')","(1, 'pp', 'pp')","(1, 'pp', 'pp')","(1, 'pp', 'Tau')",,
1782,"(2, 'po', 'Tau')",,,,,,
1783,"(2, 'va', 'pp')","(1, 'pp', 'po')","(2, 'po', 'pp')","(1, 'pp', 'pp')","(1, 'pp', 'po')","(2, 'po', 'pp')","(1, 'pp', 'pp')"
1784,"(2, 'sib', 'po')","(2, 'po', 'Tau')",,,,,
1785,"(1, 'pp', 'pp')","(1, 'pp', 'pp')","(1, 'pp', 'po')","(2, 'po', 'pp')","(1, 'pp', 'po')","(2, 'po', 'Tau')",
1786,"(2, 'po', 'po')","(2, 'po', 'pp')","(1, 'pp', 'Tau')",,,,
1787,"(2, 'va', 'pp')","(1, 'pp', 'po')","(2, 'po', 'Tau')",,,,
1788,"(1, 'pp', 'po')","(2, 'po', 'Tau')",,,,,
1789,"(2, 'po', 'Tau')",,,,,,
1790,"(2, 'po', 'pp')","(1, 'pp', 'Tau')",,,,,
1791,"(2, 'va', 'Tau')",,,,,,
1792,"(2, 'po', 'Tau')",,,,,,
1793,"(2, 'po', 'Tau')",,,,,,
1794,"(1, 'pp', 'pp')","(1, 'pp', 'pp')","(1, 'pp', 'Tau')",,,,
1795,"(2, 'po', 'Tau')",,,,,,
1796,"(1, 'pp', 'po')","(2, 'po', 'Tau')",,,,,
1797,"(2, 'po', 'Tau')",,,,,,
1798,"(2, 'sib', 'Tau')",,,,,,
1799,"(1, 'pp', 'Tau')",,,,,,
1800,"(2, 'sib', 'Tau')",,,,,,
1801,"(2, 'va', 'Tau')",,,,,,
1802,"(2, 'sib', 'pp')","(1, 'pp', 'pp')","(1, 'pp', 'pp')","(1, 'pp', 'pp')","(1, 'pp', 'pp')","(1, 'pp', 'po')","(2, 'po', 'Tau')"
1803,"(2, 'po', 'sib')","(2, 'sib', 'Tau')",,,,,
1804,"(2, 'po', 'Tau')",,,,,,
1805,"(2, 'sib', 'Tau')",,,,,,
1806,"(2, 'po', 'pp')","(1, 'pp', 'po')","(2, 'po', 'sib')","(2, 'sib', 'sib')","(2, 'sib', 'Tau')",,
1807,"(2, 'va', 'Tau')",,,,,,
1808,"(2, 'va', 'po')","(2, 'po', 'pp')","(1, 'pp', 'pp')","(1, 'pp', 'po')","(2, 'po', 'pp')","(1, 'pp', 'pp')","(1, 'pp', 'Tau')"
1809,"(2, 'sib', 'sib')","(2, 'sib', 'sib')","(2, 'sib', 'va')","(2, 'va', 'Tau')",,,
1810,"(1, 'pp', 'Tau')",,,,,,
1811,"(1, 'pp', 'pp')","(1, 'pp', 'po')","(2, 'po', 'pp')","(1, 'pp', 'pp')","(1, 'pp', 'pp')","(1, 'pp', 'Tau')",
1812,"(2, 'va', 'Tau')",,,,,,
1813,"(1, 'pp', 'pp')","(1, 'pp', 'po')","(2, 'po', 'Tau')",,,,
1814,"(2, 'sib', 'Tau')",,,,,,
1815,"(2, 'sib', 'Tau')",,,,,,
1816,"(2, 'va', 'Tau')",,,,,,
1817,"(2, 'po', 'Tau')",,,,,,
1818,"(2, 'va', 'Tau')",,,,,,
1819,"(2, 'sib', 'sib')","(2, 'sib', 'Tau')",,,,,
1820,"(2, 'po', 'Tau')",,,,,,
1821,"(2, 'po', 'pp')","(1, 'pp', 'po')","(2, 'po', 'po')","(2, 'po', 'Tau')",,,
1822,"(2, 'sib', 'Tau')",,,,,,
1823,"(2, 'va', 'va')","(2, 'va', 'Tau')",,,,,
1824,"(2, 'po', 'pp')","(1, 'pp', 'Tau')",,,,,
1825,"(2, 'sib', 'sib')","(2, 'sib', 'Tau')",,,,,
1826,"(2, 'po', 'Tau')",,,,,,
1827,"(2, 'sib', 'Tau')",,,,,,
1828,"(2, 'sib', 'Tau')",,,,,,
1829,"(2, 'va', 'Tau')",,,,,,
1830,"(1, 'pp', 'pp')","(1, 'pp', 'Tau')",,,,,
1831,"(2, 'va', 'Tau')",,,,,,
1832,"(2, 'va', 'Tau')",,,,,,
1833,"(2, 'po', 'Tau')",,,,,,
1834,"(2, 'po', 'pp')","(1, 'pp', 'Tau')",,,,,
1835,"(2, 'va', 'Tau')",,,,,,
1836,"(1, 'pp', 'pp')","(1, 'pp', 'pp')","(1, 'pp', 'Tau')",,,,
1837,"(2, 'po', 'Tau')",,,,,,
1838,"(2, 'sib', 'pp')","(1, 'pp', 'pp')","(1, 'pp', 'pp')","(1, 'pp', 'po')","(2, 'po', 'Tau')",,
1839,"(2, 'po', 'Tau')",,,,,,
1840,"(2, 'va', 'Tau')",,,,,,
1841,"(2, 'va', 'va')","(2, 'va', 'Tau')",,,,,
1842,"(2, 'po', 'po')","(2, 'po', 'pp')","(1, 'pp', 'pp')","(1, 'pp', 'Tau')",,,
1843,"(2, 'va', 'va')","(2, 'va', 'Tau')",,,,,
1844,"(2, 'po', 'Tau')",,,,,,
1845,"(2, 'po', 'va')","(2, 'va', 'Tau')",,,,,
1846,"(2, 'va', 'Tau')",,,,,,
1847,"(2, 'po', 'Tau')",,,,,,
1848,"(2, 'sib', 'Tau')",,,,,,
1849,"(2, 'va', 'Tau')",,,,,,
1850,"(2, 'va', 'va')","(2, 'va', 'Tau')",,,,,
1851,"(2, 'po', 'Tau')",,,,,,
1852,"(2, 'po', 'pp')","(1, 'pp', 'Tau')",,,,,
1853,"(2, 'po', 'Tau')",,,,,,
1854,"(2, 'va', 'Tau')",,,,,,
1855,"(2, 'sib', 'sib')","(2, 'sib', 'Tau')",,,,,
1856,"(1, 'pp', 'pp')","(1, 'pp', 'po')","(2, 'po', 'po')","(2, 'po', 'Tau')",,,
1857,"(2, 'va', 'Tau')",,,,,,
1858,"(2, 'po', 'va')","(2, 'va', 'Tau')",,,,,
1859,"(2, 'po', 'pp')","(1, 'pp', 'pp')","(1, 'pp', 'Tau')",,,,
1860,"(2, 'va', 'Tau')",,,,,,
1861,"(2, 'po', 'pp')","(1, 'pp', 'Tau')",,,,,
1862,"(2, 'va', 'va')","(2, 'va', 'va')","(2, 'va', 'va')","(2, 'va', 'Tau')",,,
1863,"(1, 'pp', 'Tau')",,,,,,
1864,"(2, 'va', 'Tau')",,,,,,
1865,"(1, 'pp', 'po')","(2, 'po', 'sib')","(2, 'sib', 'Tau')",,,,
1866,"(2, 'va', 'Tau')",,,,,,
1867,"(2, 'va', 'Tau')",,,,,,
1868,"(2, 'po', 'po')","(2, 'po', 'pp')","(1, 'pp', 'pp')","(1, 'pp', 'pp')","(1, 'pp', 'Tau')",,
1869,"(2, 'sib', 'Tau')",,,,,,
1870,"(2, 'va', 'va')","(2, 'va', 'Tau')",,,,,
1871,"(1, 'pp', 'pp')","(1, 'pp', 'Tau')",,,,,
1872,"(1, 'pp', 'po')","(2, 'po', 'pp')","(1, 'pp', 'pp')","(1, 'pp', 'po')","(2, 'po', 'Tau')",,
1873,"(2, 'sib', 'Tau')",,,,,,
1874,"(2, 'sib', 'sib')","(2, 'sib', 'sib')","(2, 'sib', 'sib')","(2, 'sib', 'Tau')",,,
1875,"(2, 'po', 'pp')","(1, 'pp', 'pp')","(1, 'pp', 'po')","(2, 'po', 'Tau')",,,
1876,"(2, 'va', 'va')","(2, 'va', 'Tau')",,,,,
1877,"(1, 'pp', 'pp')","(1, 'pp', 'po')","(2, 'po', 'pp')","(1, 'pp', 'pp')","(1, 'pp', 'pp')","(1, 'pp', 'Tau')",
1878,"(1, 'po', 'Tau')",,,,,,
1879,"(2, 'va', 'Tau')",,,,,,
1880,"(1, 'po', 'Tau')",,,,,,
1881,"(1, 'po', 'pp')","(1, 'pp', 'Tau')",,,,,
1882,"(1, 'po', 'Tau')",,,,,,
1883,"(1, 'pp', 'sib')","(2, 'sib', 'sib')","(2, 'sib', 'Tau')",,,,
1884,"(2, 'sib', 'sib')","(2, 'sib', 'Tau')",,,,,
1885,"(1, 'po', 'po')","(1, 'po', 'Tau')",,,,,
1886,"(1, 'pp', 'po')","(1, 'po', 'Tau')",,,,,
1887,"(1, 'pp', 'po')","(1, 'po', 'Tau')",,,,,
1888,"(2, 'va', 'Tau')",,,,,,
1889,"(2, 'va', 'Tau')",,,,,,
1890,"(2, 'sib', 'pp')","(1, 'pp', 'pp')","(1, 'pp', 'pp')","(1, 'pp', 'Tau')",,,
1891,"(2, 'sib', 'Tau')",,,,,,
1892,"(2, 'va', 'va')","(2, 'va', 'Tau')",,,,,
1893,"(2, 'po', 'Tau')",,,,,,
1894,"(1, 'pp', 'pp')","(1, 'pp', 'pp')","(1, 'pp', 'po')","(2, 'po', 'Tau')",,,
1895,"(1, 'pp', 'pp')","(1, 'pp', 'Tau')",,,,,
1896,"(2, 'sib', 'Tau')",,,,,,
1897,"(2, 'po', 'Tau')",,,,,,
1898,"(1, 'pp', 'pp')","(1, 'pp', 'Tau')",,,,,
1899,"(2, 'po', 'Tau')",,,,,,
1900,"(1, 'pp', 'pp')","(1, 'pp', 'pp')","(1, 'pp', 'pp')","(1, 'pp', 'po')","(2, 'po', 'va')","(2, 'va', 'pp')","(1, 'pp', 'pp')"
1901,"(2, 'va', 'Tau')",,,,,,
1902,"(2, 'po', 'Tau')",,,,,,
1903,"(2, 'va', 'Tau')",,,,,,
1904,"(2, 'va', 'Tau')",,,,,,
1905,"(2, 'va', 'pp')","(1, 'pp', 'Tau')",,,,,
1906,"(2, 'va', 'Tau')",,,,,,
1907,"(2, 'po', 'po')","(2, 'po', 'Tau')",,,,,
1908,"(2, 'po', 'Tau')",,,,,,
1909,"(2, 'va', 'Tau')",,,,,,
1910,"(2, 'sib', 'Tau')",,,,,,
1911,"(2, 'sib', 'Tau')",,,,,,
1912,"(1, 'pp', 'po')","(2, 'po', 'pp')","(1, 'pp', 'Tau')",,,,
1913,"(2, 'va', 'pp')","(1, 'pp', 'pp')","(1, 'pp', 'Tau')",,,,
1914,"(2, 'sib', 'Tau')",,,,,,
1915,"(2, 'po', 'Tau')",,,,,,
1916,"(2, 'sib', 'Tau')",,,,,,
1917,"(2, 'va', 'Tau')",,,,,,
1918,"(2, 'po', 'sib')","(2, 'sib', 'Tau')",,,,,
1919,"(2, 'sib', 'sib')","(2, 'sib', 'Tau')",,,,,
1920,"(2, 'po', 'pp')","(1, 'pp', 'Tau')",,,,,
1921,"(2, 'sib', 'Tau')",,,,,,
1922,"(1, 'pp', 'po')","(2, 'po', 'Tau')",,,,,
1923,"(2, 'po', 'Tau')",,,,,,
1924,"(2, 'po', 'Tau')",,,,,,
1925,"(2, 'sib', 'sib')","(2, 'sib', 'sib')","(2, 'sib', 'Tau')",,,,
1926,"(2, 'sib', 'Tau')",,,,,,
1927,"(2, 'va', 'Tau')",,,,,,
1928,"(2, 'sib', 'Tau')",,,,,,
1929,"(2, 'sib', 'Tau')",,,,,,
1930,"(1, 'pp', 'pp')","(1, 'pp', 'Tau')",,,,,
1931,"(2, 'va', 'Tau')",,,,,,
1932,"(2, 'va', 'Tau')",,,,,,
1933,"(2, 'po', 'po')","(2, 'po', 'Tau')",,,,,
1934,"(2, 'sib', 'sib')","(2, 'sib', 'Tau')",,,,,
1935,"(2, 'va', 'pp')","(1, 'pp', 'Tau')",,,,,
1936,"(2, 'sib', 'sib')","(2, 'sib', 'va')","(2, 'va', 'Tau')",,,,
1937,"(2, 'po', 'Tau')",,,,,,
1938,"(2, 'po', 'Tau')",,,,,,
1939,"(2, 'po', 'po')","(2, 'po', 'Tau')",,,,,
1940,"(2, 'va', 'Tau')",,,,,,
1941,"(2, 'va', 'pp')","(1, 'pp', 'Tau')",,,,,
1942,"(2, 'po', 'Tau')",,,,,,
1943,"(1, 'pp', 'Tau')",,,,,,
1944,"(1, 'pp', 'po')","(2, 'po', 'pp')","(1, 'pp', 'pp')","(1, 'pp', 'po')","(2, 'po', 'sib')","(2, 'sib', 'sib')","(2, 'sib', 'Tau')"
1945,"(1, 'pp', 'pp')","(1, 'pp', 'sib')","(2, 'sib', 'sib')","(2, 'sib', 'Tau')",,,
1946,"(1, 'pp', 'sib')","(2, 'sib', 'sib')","(2, 'sib', 'Tau')",,,,
1947,"(2, 'sib', 'Tau')",,,,,,
1948,"(2, 'po', 'Tau')",,,,,,
1949,"(2, 'po', 'va')","(2, 'va', 'Tau')",,,,,
1950,"(2, 'sib', 'Tau')",,,,,,
1951,"(2, 'sib', 'sib')","(2, 'sib', 'Tau')",,,,,
1952,"(2, 'sib', 'Tau')",,,,,,
1953,"(2, 'po', 'Tau')",,,,,,
1954,"(2, 'po', 'Tau')",,,,,,
1955,"(2, 'sib', 'sib')","(2, 'sib', 'Tau')",,,,,
1956,"(2, 'po', 'Tau')",,,,,,
1957,"(2, 'va', 'Tau')",,,,,,
1958,"(2, 'po', 'Tau')",,,,,,
1959,"(2, 'sib', 'Tau')",,,,,,
1960,"(2, 'po', 'Tau')",,,,,,
1961,"(2, 'va', 'po')","(2, 'po', 'pp')","(1, 'pp', 'pp')","(1, 'pp', 'Tau')",,,
1962,"(2, 'po', 'sib')","(2, 'sib', 'pp')","(1, 'pp', 'pp')","(1, 'pp', 'pp')","(1, 'pp', 'po')","(2, 'po', 'Tau')",
1963,"(1, 'pp', 'po')","(2, 'po', 'sib')","(2, 'sib', 'Tau')",,,,
1964,"(2, 'po', 'sib')","(2, 'sib', 'Tau')",,,,,
1965,"(2, 'va', 'pp')","(1, 'pp', 'po')","(2, 'po', 'sib')","(2, 'sib', 'Tau')",,,
1966,"(2, 'po', 'pp')","(1, 'pp', 'Tau')",,,,,
1967,"(2, 'va', 'sib')","(2, 'sib', 'sib')","(2, 'sib', 'Tau')",,,,
1968,"(1, 'pp', 'pp')","(1, 'pp', 'po')","(2, 'po', 'va')","(2, 'va', 'Tau')",,,
1969,"(2, 'va', 'Tau')",,,,,,
1970,"(1, 'pp', 'pp')","(1, 'pp', 'pp')","(1, 'pp', 'pp')","(1, 'pp', 'pp')","(1, 'pp', 'po')","(2, 'po', 'po')","(2, 'po', 'po')"
1971,"(2, 'sib', 'sib')","(2, 'sib', 'Tau')",,,,,
1972,"(2, 'po', 'po')","(2, 'po', 'Tau')",,,,,
1973,"(2, 'va', 'Tau')",,,,,,
1974,"(2, 'po', 'pp')","(6, 'pp', 'pp')","(1, 'pp', 'pp')","(1, 'pp', 'po')","(2, 'po', 'Tau')",,
1975,"(1, 'pp', 'po')","(2, 'po', 'Tau')",,,,,
1976,"(2, 'po', 'pp')","(1, 'pp', 'po')","(2, 'po', 'Tau')",,,,
1977,"(2, 'po', 'Tau')",,,,,,
1978,"(1, 'pp', 'Tau')",,,,,,
1979,"(2, 'po', 'Tau')",,,,,,
1980,"(2, 'sib', 'sib')","(2, 'sib', 'sib')","(2, 'sib', 'Tau')",,,,
1981,"(2, 'va', 'Tau')",,,,,,
1982,"(2, 'va', 'Tau')",,,,,,
1983,"(2, 'sib', 'sib')","(2, 'sib', 'Tau')",,,,,
1984,"(1, 'pp', 'po')","(2, 'po', 'pp')","(1, 'pp', 'pp')","(1, 'pp', 'po')","(2, 'po', 'Tau')",,
1985,"(2, 'va', 'Tau')",,,,,,
1986,"(1, 'pp', 'pp')","(1, 'pp', 'Tau')",,,,,
1987,"(1, 'pp', 'Tau')",,,,,,
1988,"(1, 'pp', 'pp')","(1, 'pp', 'pp')","(1, 'pp', 'Tau')",,,,
1989,"(2, 'sib', 'va')","(2, 'va', 'pp')","(1, 'pp', 'pp')","(1, 'pp', 'Tau')",,,
1990,"(2, 'po', 'po')","(2, 'po', 'Tau')",,,,,
1991,"(2, 'sib', 'sib')","(2, 'sib', 'Tau')",,,,,
1992,"(2, 'po', 'Tau')",,,,,,
1993,"(2, 'po', 'pp')","(1, 'pp', 'Tau')",,,,,
1994,"(2, 'va', 'Tau')",,,,,,
1995,"(2, 'va', 'pp')","(1, 'pp', 'po')","(2, 'po', 'sib')","(2, 'sib', 'sib')","(2, 'sib', 'pp')","(1, 'pp', 'pp')","(1, 'pp', 'Tau')"
1996,"(2, 'po', 'Tau')",,,,,,
1997,"(2, 'po', 'Tau')",,,,,,
1998,"(2, 'po', 'pp')","(1, 'pp', 'po')","(2, 'po', 'Tau')",,,,
1999,"(2, 'sib', 'Tau')",,,,,,
2000,"(1, 'pp', 'Tau')",,,,,,
2001,"(2, 'po', 'po')","(2, 'po', 'pp')","(1, 'pp', 'po')","(2, 'po', 'Tau')",,,
2002,"(2, 'sib', 'Tau')",,,,,,
2003,"(2, 'sib', 'va')","(2, 'va', 'Tau')",,,,,
2004,"(2, 'sib', 'Tau')",,,,,,
2005,"(2, 'sib', 'Tau')",,,,,,
2006,"(2, 'po', 'Tau')",,,,,,
2007,"(2, 'po', 'pp')","(1, 'pp', 'po')","(2, 'po', 'po')","(2, 'po', 'Tau')",,,
2008,"(2, 'va', 'va')","(2, 'va', 'Tau')",,,,,
2009,"(2, 'va', 'Tau')",,,,,,
2010,"(2, 'sib', 'sib')","(2, 'sib', 'sib')","(0, 'sib', 'sib')","(2, 'sib', 'Tau')",,,
2011,"(2, 'sib', 'Tau')",,,,,,
2012,"(2, 'po', 'Tau')",,,,,,
2013,"(2, 'va', 'va')","(2, 'va', 'po')","(2, 'po', 'Tau')",,,,
2014,"(1, 'pp', 'po')","(2, 'po', 'Tau')",,,,,
2015,"(2, 'po', 'po')","(2, 'po', 'Tau')",,,,,
2016,"(1, 'pp', 'pp')","(1, 'pp', 'Tau')",,,,,
2017,"(1, 'pp', 'Tau')",,,,,,
2018,"(2, 'va', 'Tau')",,,,,,
2019,"(2, 'va', 'Tau')",,,,,,
2020,"(1, 'pp', 'Tau')",,,,,,
2021,"(2, 'sib', 'Tau')",,,,,,
2022,"(2, 'po', 'Tau')",,,,,,
2023,"(2, 'sib', 'sib')","(2, 'sib', 'pp')","(1, 'pp', 'pp')","(1, 'pp', 'pp')","(1, 'pp', 'pp')","(1, 'pp', 'sib')","(2, 'sib', 'Tau')"
2024,"(2, 'sib', 'Tau')",,,,,,
2025,"(1, 'pp', 'Tau')",,,,,,
2026,"(2, 'va', 'Tau')",,,,,,
2027,"(2, 'va', 'va')","(2, 'va', 'Tau')",,,,,
2028,"(2, 'po', 'pp')","(1, 'pp', 'po')","(2, 'po', 'va')","(2, 'va', 'Tau')",,,
2029,"(1, 'pp', 'pp')","(1, 'pp', 'pp')","(1, 'pp', 'Tau')",,,,
2030,"(1, 'pp', 'po')","(2, 'po', 'po')","(2, 'po', 'Tau')",,,,
2031,"(1, 'pp', 'pp')","(1, 'pp', 'po')","(2, 'po', 'Tau')",,,,
2032,"(1, 'pp', 'Tau')",,,,,,
2033,"(2, 'po', 'Tau')",,,,,,
2034,"(2, 'po', 'va')","(2, 'va', 'Tau')",,,,,
2035,"(2, 'po', 'po')","(2, 'po', 'Tau')",,,,,
2036,"(2, 'sib', 'sib')","(2, 'sib', 'Tau')",,,,,
2037,"(2, 'po', 'Tau')",,,,,,
2038,"(1, 'pp', 'pp')","(1, 'pp', 'Tau')",,,,,
2039,"(2, 'sib', 'Tau')",,,,,,
2040,"(2, 'po', 'Tau')",,,,,,
2041,"(1, 'pp', 'pp')","(1, 'pp', 'pp')","(1, 'pp', 'pp')","(1, 'pp', 'pp')","(1, 'pp', 'pp')","(1, 'pp', 'po')","(2, 'po', 'va')"
2042,"(2, 'sib', 'Tau')",,,,,,
2043,"(2, 'po', 'Tau')",,,,,,
2044,"(2, 'sib', 'va')","(2, 'va', 'Tau')",,,,,
2045,"(1, 'pp', 'po')","(2, 'po', 'pp')","(1, 'pp', 'pp')","(1, 'pp', 'po')","(2, 'po', 'Tau')",,
2046,"(2, 'va', 'pp')","(1, 'pp', 'Tau')",,,,,
2047,"(2, 'po', 'po')","(2, 'po', 'Tau')",,,,,
2048,"(1, 'pp', 'po')","(2, 'po', 'Tau')",,,,,
2049,"(1, 'pp', 'pp')","(1, 'pp', 'pp')","(1, 'pp', 'pp')","(1, 'pp', 'Tau')",,,
2050,"(1, 'pp', 'po')","(2, 'po', 'Tau')",,,,,
2051,"(1, 'pp', 'Tau')",,,,,,
2052,"(2, 'po', 'Tau')",,,,,,
2053,"(2, 'sib', 'sib')","(2, 'sib', 'Tau')",,,,,
2054,"(2, 'sib', 'sib')","(2, 'sib', 'Tau')",,,,,
2055,"(2, 'po', 'po')","(2, 'po', 'po')","(2, 'po', 'po')","(2, 'po', 'po')","(2, 'po', 'po')","(2, 'po', 'Tau')",
2056,"(2, 'sib', 'sib')","(2, 'sib', 'Tau')",,,,,
2057,"(2, 'va', 'va')","(2, 'va', 'va')","(2, 'va', 'va')","(2, 'va', 'va')","(2, 'va', 'Tau')",,
2058,"(1, 'pp', 'po')","(2, 'po', 'Tau')",,,,,
2059,"(2, 'va', 'va')","(2, 'va', 'Tau')",,,,,
2060,"(2, 'sib', 'Tau')",,,,,,
2061,"(2, 'po', 'pp')","(1, 'pp', 'Tau')",,,,,
2062,"(1, 'pp', 'pp')","(1, 'pp', 'pp')","(1, 'pp', 'pp')","(1, 'pp', 'Tau')",,,
2063,"(2, 'po', 'pp')","(1, 'pp', 'po')","(1, 'po', 'pp')","(1, 'pp', 'Tau')",,,
2064,"(2, 'sib', 'Tau')",,,,,,
2065,"(2, 'va', 'pp')","(1, 'pp', 'po')","(2, 'po', 'Tau')",,,,
2066,"(2, 'va', 'Tau')",,,,,,
2067,"(2, 'po', 'Tau')",,,,,,
2068,"(2, 'po', 'Tau')",,,,,,
2069,"(2, 'sib', 'Tau')",,,,,,
2070,"(2, 'va', 'Tau')",,,,,,
2071,"(2, 'po', 'va')","(2, 'va', 'Tau')",,,,,
2072,"(2, 'po', 'sib')","(2, 'sib', 'Tau')",,,,,
2073,"(1, 'pp', 'Tau')",,,,,,
2074,"(2, 'sib', 'Tau')",,,,,,
2075,"(2, 'sib', 'Tau')",,,,,,
2076,"(2, 'po', 'Tau')",,,,,,
2077,"(2, 'va', 'sib')","(2, 'sib', 'Tau')",,,,,
2078,"(2, 'po', 'Tau')",,,,,,
2079,"(1, 'pp', 'po')","(2, 'po', 'va')","(2, 'va', 'pp')","(1, 'pp', 'Tau')",,,
2080,"(2, 'va', 'Tau')",,,,,,
2081,"(2, 'va', 'pp')","(1, 'pp', 'pp')","(1, 'pp', 'pp')","(1, 'pp', 'po')","(2, 'po', 'va')","(2, 'va', 'Tau')",
2082,"(2, 'va', 'po')","(2, 'po', 'Tau')",,,,,
2083,"(2, 'po', 'va')","(2, 'va', 'va')","(2, 'va', 'Tau')",,,,
2084,"(1, 'pp', 'pp')","(1, 'pp', 'Tau')",,,,,
2085,"(2, 'sib', 'sib')","(2, 'sib', 'Tau')",,,,,
2086,"(2, 'va', 'va')","(2, 'va', 'va')","(2, 'va', 'sib')","(2, 'sib', 'sib')","(2, 'sib', 'sib')","(2, 'sib', 'pp')","(1, 'pp', 'po')"
2087,"(2, 'po', 'Tau')",,,,,,
2088,"(2, 'po', 'va')","(2, 'va', 'Tau')",,,,,
2089,"(2, 'po', 'Tau')",,,,,,
2090,"(2, 'sib', 'sib')","(2, 'sib', 'pp')","(1, 'pp', 'po')","(2, 'po', 'Tau')",,,
2091,"(1, 'pp', 'Tau')",,,,,,
2092,"(2, 'va', 'pp')","(1, 'pp', 'po')","(2, 'po', 'Tau')",,,,
2093,"(1, 'pp', 'po')","(2, 'po', 'Tau')",,,,,
2094,"(1, 'pp', 'po')","(2, 'po', 'sib')","(2, 'sib', 'Tau')",,,,
2095,"(2, 'po', 'po')","(2, 'po', 'Tau')",,,,,
2096,"(2, 'va', 'va')","(2, 'va', 'Tau')",,,,,
2097,"(2, 'sib', 'sib')","(2, 'sib', 'Tau')",,,,,
2098,"(1, 'pp', 'Tau')",,,,,,
2099,"(1, 'pp', 'pp')","(1, 'pp', 'po')","(2, 'po', 'va')","(2, 'va', 'va')","(1, 'va', 'pp')","(1, 'pp', 'pp')","(1, 'pp', 'Tau')"
